ats,tenant,source,discovered_at,status,open_job_count,company_name,website_domain,checked_at,note
ashby,6eec82ac-9713-512d-ac2e-405618935375,cdx:jobs.ashbyhq.com:6,2026-09-13T01:54:41.271240+00:00,reject_dead,0,,,2026-09-13T01:54:41.487738+00:00,http 404
ashby,,cdx:jobs.ashbyhq.com:6,2026-09-13T01:54:41.271266+00:00,shard_marker,,,,,
greenhouse,67streetdental,cdx:boards.greenhouse.io:6,2026-09-13T01:56:12.617814+00:00,reject_dead,0,,,2026-09-13T02:04:34.347732+00:00,board live but zero open jobs
greenhouse,,cdx:boards.greenhouse.io:6,2026-09-13T01:56:12.617870+00:00,shard_marker,,,,,
greenhouse,60decibelsinc,cdx:job-boards.greenhouse.io:6,2026-09-13T01:56:46.591044+00:00,reject_dead,0,,,2026-09-13T02:04:36.481990+00:00,board live but zero open jobs
greenhouse,615ventures,cdx:job-boards.greenhouse.io:6,2026-09-13T01:56:46.591159+00:00,reject_too_few,1,,,2026-09-13T02:04:37.491166+00:00,1 < 8
greenhouse,66degrees,cdx:job-boards.greenhouse.io:6,2026-09-13T01:56:46.591228+00:00,added,27,66degrees,66degrees.com,2026-09-13T02:04:40.648266+00:00,domain from page links
greenhouse,6sense,cdx:job-boards.greenhouse.io:6,2026-09-13T01:56:46.591490+00:00,added,30,6sense,6sense.com,2026-09-13T02:04:45.799579+00:00,domain from page links
greenhouse,,cdx:job-boards.greenhouse.io:6,2026-09-13T01:56:46.593053+00:00,shard_marker,,,,,
greenhouse,cadencehealth,cdx:boards.greenhouse.io:c,2026-09-13T01:57:47.382365+00:00,reject_no_domain,19,Cadence Health,,2026-09-13T02:14:16.894530+00:00,no domain on this page; no domain on this page
greenhouse,cadencesolutions,cdx:boards.greenhouse.io:c,2026-09-13T01:57:47.382561+00:00,reject_dead,0,,,2026-09-13T02:04:49.603836+00:00,http 404
greenhouse,calendly,cdx:boards.greenhouse.io:c,2026-09-13T01:57:47.382616+00:00,reject_no_domain,11,Calendly,,2026-09-13T02:14:22.623976+00:00,no domain on this page; no domain on this page
greenhouse,calibratecareers,cdx:boards.greenhouse.io:c,2026-09-13T01:57:47.383077+00:00,reject_dead,0,,,2026-09-13T02:04:54.569492+00:00,http 404
greenhouse,callrail,cdx:boards.greenhouse.io:c,2026-09-13T01:57:47.383529+00:00,reject_too_few,6,,,2026-09-13T02:04:55.818098+00:00,6 < 8
greenhouse,calm,cdx:boards.greenhouse.io:c,2026-09-13T01:57:47.383607+00:00,reject_too_few,1,,,2026-09-13T02:04:56.641917+00:00,1 < 8
greenhouse,cameo,cdx:boards.greenhouse.io:c,2026-09-13T01:57:47.383962+00:00,reject_too_few,1,,,2026-09-13T02:04:57.816925+00:00,1 < 8
greenhouse,campbellewald,cdx:boards.greenhouse.io:c,2026-09-13T01:57:47.384000+00:00,reject_dead,0,,,2026-09-13T02:05:25.170075+00:00,http 404
greenhouse,canonicaljobs,cdx:boards.greenhouse.io:c,2026-09-13T01:57:47.384035+00:00,reject_dead,0,,,2026-09-13T02:05:27.770030+00:00,http 404
greenhouse,capco,cdx:boards.greenhouse.io:c,2026-09-13T01:57:47.386639+00:00,reject_too_many,705,,,2026-09-13T02:05:28.963327+00:00,705 > 400
greenhouse,capitalontap,cdx:boards.greenhouse.io:c,2026-09-13T01:57:47.398905+00:00,added,35,Capital on Tap,capitalontap.com,2026-09-13T02:05:31.513031+00:00,domain from page links
greenhouse,capitaltg,cdx:boards.greenhouse.io:c,2026-09-13T01:57:47.399290+00:00,added,9,Capital Technology Group,capitaltg.com,2026-09-13T02:14:26.746170+00:00,domain from page links
greenhouse,captivation,cdx:boards.greenhouse.io:c,2026-09-13T01:57:47.399434+00:00,reject_no_domain,73,Captivation Software,,2026-09-13T02:14:30.894610+00:00,no domain on this page; no domain on this page
greenhouse,carbonbuiltemployment,cdx:boards.greenhouse.io:c,2026-09-13T01:57:47.399636+00:00,reject_dead,0,,,2026-09-13T02:05:45.993388+00:00,http 404
greenhouse,carbondirect,cdx:boards.greenhouse.io:c,2026-09-13T01:57:47.399709+00:00,reject_too_few,3,,,2026-09-13T02:05:47.489797+00:00,3 < 8
greenhouse,careem,cdx:boards.greenhouse.io:c,2026-09-13T01:57:47.399888+00:00,added,21,Careem,careem.com,2026-09-13T02:05:49.846335+00:00,domain from page links
greenhouse,careersatwonder,cdx:boards.greenhouse.io:c,2026-09-13T01:57:47.400168+00:00,reject_dead,0,,,2026-09-13T02:05:50.615380+00:00,http 404
greenhouse,carmichaellynch,cdx:boards.greenhouse.io:c,2026-09-13T01:57:47.400432+00:00,reject_dead,0,,,2026-09-13T02:05:51.611830+00:00,board live but zero open jobs
greenhouse,caronsale,cdx:boards.greenhouse.io:c,2026-09-13T01:57:47.400482+00:00,reject_no_domain,41,CarOnSale,,2026-09-13T02:14:36.601432+00:00,no domain on this page; no domain on this page
greenhouse,cartwheelcare,cdx:boards.greenhouse.io:c,2026-09-13T01:57:47.400864+00:00,reject_dead,0,,,2026-09-13T02:06:07.998718+00:00,http 404
greenhouse,catdaddy,cdx:boards.greenhouse.io:c,2026-09-13T01:57:47.401029+00:00,reject_too_few,1,,,2026-09-13T02:06:10.753867+00:00,1 < 8
greenhouse,cbeyondata,cdx:boards.greenhouse.io:c,2026-09-13T01:57:47.401059+00:00,reject_dead,0,,,2026-09-13T02:06:11.832636+00:00,http 404
greenhouse,cdpjobs,cdx:boards.greenhouse.io:c,2026-09-13T01:57:47.401600+00:00,reject_dead,0,,,2026-09-13T02:06:12.824716+00:00,http 404
greenhouse,ce,cdx:boards.greenhouse.io:c,2026-09-13T01:57:47.402388+00:00,reject_dead,0,,,2026-09-13T02:06:13.900868+00:00,board live but zero open jobs
greenhouse,celigo,cdx:boards.greenhouse.io:c,2026-09-13T01:57:47.402428+00:00,added,22,Celigo,celigo.com,2026-09-13T02:06:42.416879+00:00,domain from page links
greenhouse,censys,cdx:boards.greenhouse.io:c,2026-09-13T01:57:47.402592+00:00,added,37,Censys,censys.com,2026-09-13T02:06:45.155065+00:00,domain from page links
greenhouse,centerforemploymentopportunities,cdx:boards.greenhouse.io:c,2026-09-13T01:57:47.403042+00:00,reject_no_domain,12,Center for Employment Opportunities,,2026-09-13T02:14:41.059050+00:00,no domain on this page; no domain on this page
greenhouse,changeorg58,cdx:boards.greenhouse.io:c,2026-09-13T01:57:47.404317+00:00,reject_dead,0,,,2026-09-13T02:06:49.447858+00:00,http 404
greenhouse,chanzuckerberginitiative,cdx:boards.greenhouse.io:c,2026-09-13T01:57:47.404374+00:00,added,11,Chan Zuckerberg Initiative,chanzuckerberg.com,2026-09-13T02:06:51.858309+00:00,domain from page links
greenhouse,charlesriverassociates,cdx:boards.greenhouse.io:c,2026-09-13T01:57:47.404729+00:00,added,79,Charles River Associates,crai.com,2026-09-13T02:26:44.924408+00:00,domain from page links (crai.com confirmed live); re-resolved
greenhouse,chartboost,cdx:boards.greenhouse.io:c,2026-09-13T01:57:47.405442+00:00,reject_dead,0,,,2026-09-13T02:06:55.369040+00:00,board live but zero open jobs
greenhouse,chathamfinancial,cdx:boards.greenhouse.io:c,2026-09-13T01:57:47.405468+00:00,reject_dead,0,,,2026-09-13T02:06:56.323452+00:00,http 404
greenhouse,check,cdx:boards.greenhouse.io:c,2026-09-13T01:57:47.405694+00:00,reject_dead,0,,,2026-09-13T02:06:57.382128+00:00,http 404
greenhouse,chelseaavondale,cdx:boards.greenhouse.io:c,2026-09-13T01:57:47.405862+00:00,reject_dead,0,,,2026-09-13T02:06:58.595342+00:00,http 404
greenhouse,chime,cdx:boards.greenhouse.io:c,2026-09-13T01:57:47.405886+00:00,already_in_targets,,,,,present in --out
greenhouse,chompscareers,cdx:boards.greenhouse.io:c,2026-09-13T01:57:47.406076+00:00,reject_too_few,4,,,2026-09-13T02:07:01.598298+00:00,4 < 8
greenhouse,cirkul,cdx:boards.greenhouse.io:c,2026-09-13T01:57:47.406099+00:00,reject_too_few,2,,,2026-09-13T02:07:02.571757+00:00,2 < 8
greenhouse,cityoffortworth,cdx:boards.greenhouse.io:c,2026-09-13T01:57:47.406251+00:00,reject_no_domain,53,The City of Fort Worth,,2026-09-13T02:14:44.483594+00:00,no domain on this page; no domain on this page
greenhouse,civicactions,cdx:boards.greenhouse.io:c,2026-09-13T01:57:47.411693+00:00,reject_dead,0,,,2026-09-13T02:07:31.160059+00:00,board live but zero open jobs
greenhouse,clair,cdx:boards.greenhouse.io:c,2026-09-13T01:57:47.411728+00:00,reject_dead,0,,,2026-09-13T02:07:32.087731+00:00,http 404
greenhouse,clariticloudinc,cdx:boards.greenhouse.io:c,2026-09-13T01:57:47.411747+00:00,reject_no_domain,9,Clariti Cloud Inc.,claritisoftware.com,2026-09-13T02:14:47.528794+00:00,no domain on this page; no domain on this page
greenhouse,clark71,cdx:boards.greenhouse.io:c,2026-09-13T01:57:47.411866+00:00,reject_dead,0,,,2026-09-13T02:07:35.893081+00:00,http 404
greenhouse,clasptx,cdx:boards.greenhouse.io:c,2026-09-13T01:57:47.412012+00:00,reject_dead,0,,,2026-09-13T02:07:36.929618+00:00,http 404
greenhouse,classdojo,cdx:boards.greenhouse.io:c,2026-09-13T01:57:47.412028+00:00,reject_dead,0,,,2026-09-13T02:07:38.042473+00:00,http 404
greenhouse,classicalcharterschools,cdx:boards.greenhouse.io:c,2026-09-13T01:57:47.412421+00:00,reject_dead,0,,,2026-09-13T02:07:39.880728+00:00,http 404
greenhouse,classpass,cdx:boards.greenhouse.io:c,2026-09-13T01:57:47.412483+00:00,added,39,Playlist,playlist.com,2026-09-13T02:23:40.326202+00:00,domain from json-ld; re-resolved
greenhouse,clear,cdx:boards.greenhouse.io:c,2026-09-13T01:57:47.412499+00:00,reject_no_domain,32,CLEAR - Corporate,,2026-09-13T02:14:52.620526+00:00,no domain on this page; no domain on this page
greenhouse,clearstreet,cdx:boards.greenhouse.io:c,2026-09-13T01:57:47.412917+00:00,added,31,Clear Street,clearstreet.io,2026-09-13T02:07:49.120561+00:00,domain from page links
greenhouse,cleerlyhealth,cdx:boards.greenhouse.io:c,2026-09-13T01:57:47.413386+00:00,added,21,Cleerly,cleerly.com,2026-09-13T02:07:52.090717+00:00,domain from page links
greenhouse,clevr,cdx:boards.greenhouse.io:c,2026-09-13T01:57:47.413409+00:00,added,14,CLEVR,clevr.com,2026-09-13T02:07:54.276592+00:00,domain from page links
greenhouse,clickhouse,cdx:boards.greenhouse.io:c,2026-09-13T01:57:47.413423+00:00,reject_dead,0,,,2026-09-13T02:07:55.108942+00:00,http 404
greenhouse,clicktherapeutics,cdx:boards.greenhouse.io:c,2026-09-13T01:57:47.413640+00:00,reject_too_few,6,,,2026-09-13T02:07:56.239691+00:00,6 < 8
greenhouse,clickup,cdx:boards.greenhouse.io:c,2026-09-13T01:57:47.413713+00:00,reject_dead,0,,,2026-09-13T02:07:58.959685+00:00,http 404
greenhouse,clipboardhealth,cdx:boards.greenhouse.io:c,2026-09-13T01:57:47.414390+00:00,reject_dead,0,,,2026-09-13T02:07:59.960307+00:00,http 404
greenhouse,cloudchamberen,cdx:boards.greenhouse.io:c,2026-09-13T01:57:47.414775+00:00,reject_no_domain,17,Cloud Chamber,take2games.com,2026-09-13T02:14:55.567417+00:00,no domain on this page; no domain on this page
greenhouse,cloudchamberfr,cdx:boards.greenhouse.io:c,2026-09-13T01:57:47.414922+00:00,reject_no_domain,9,Cloud Chamber Montreal,,2026-09-13T02:14:58.771939+00:00,no domain on this page; no domain on this page
greenhouse,cloudsek,cdx:boards.greenhouse.io:c,2026-09-13T01:57:47.414936+00:00,added,14,CloudSEK,cloudsek.com,2026-09-13T02:08:07.480718+00:00,domain from page links
greenhouse,cloverly,cdx:boards.greenhouse.io:c,2026-09-13T01:57:47.415244+00:00,reject_too_few,1,,,2026-09-13T02:08:08.416461+00:00,1 < 8
greenhouse,clydegroup,cdx:boards.greenhouse.io:c,2026-09-13T01:57:47.415267+00:00,reject_dead,0,,,2026-09-13T02:08:09.423816+00:00,http 404
greenhouse,coactivesystems,cdx:boards.greenhouse.io:c,2026-09-13T01:57:47.415352+00:00,reject_dead,0,,,2026-09-13T02:08:10.756616+00:00,http 404
greenhouse,cobblestoneenergy,cdx:boards.greenhouse.io:c,2026-09-13T01:57:47.415463+00:00,reject_too_few,2,,,2026-09-13T02:08:11.774801+00:00,2 < 8
greenhouse,cobblestoneenergy1,cdx:boards.greenhouse.io:c,2026-09-13T01:57:47.415476+00:00,reject_too_few,3,,,2026-09-13T02:08:13.458619+00:00,3 < 8
greenhouse,coconutsoftware,cdx:boards.greenhouse.io:c,2026-09-13T01:57:47.415488+00:00,reject_dead,0,,,2026-09-13T02:08:14.447922+00:00,board live but zero open jobs
greenhouse,cocoon,cdx:boards.greenhouse.io:c,2026-09-13T01:57:47.415501+00:00,reject_too_few,2,,,2026-09-13T02:08:15.482014+00:00,2 < 8
greenhouse,codazen,cdx:boards.greenhouse.io:c,2026-09-13T01:57:47.415526+00:00,reject_too_few,2,,,2026-09-13T02:08:16.473460+00:00,2 < 8
greenhouse,code3,cdx:boards.greenhouse.io:c,2026-09-13T01:57:47.415563+00:00,added,11,Code3,code3.com,2026-09-13T02:08:19.694304+00:00,domain from page links
greenhouse,codex,cdx:boards.greenhouse.io:c,2026-09-13T01:57:47.415615+00:00,reject_dead,0,,,2026-09-13T02:08:20.317537+00:00,board live but zero open jobs
greenhouse,coherehealth,cdx:boards.greenhouse.io:c,2026-09-13T01:57:47.415628+00:00,added,79,Cohere Health,coherehealth.com,2026-09-13T02:08:22.599493+00:00,domain from page links
greenhouse,colehourcoheninc,cdx:boards.greenhouse.io:c,2026-09-13T01:57:47.415934+00:00,reject_dead,0,,,2026-09-13T02:08:23.314908+00:00,board live but zero open jobs
greenhouse,collectiveretreats,cdx:boards.greenhouse.io:c,2026-09-13T01:57:47.415947+00:00,reject_dead,0,,,2026-09-13T02:08:24.776145+00:00,http 404
greenhouse,collectorsuniverse,cdx:boards.greenhouse.io:c,2026-09-13T01:57:47.415975+00:00,reject_dead,0,,,2026-09-13T02:08:25.770633+00:00,http 404
greenhouse,collegetrack,cdx:boards.greenhouse.io:c,2026-09-13T01:57:47.416295+00:00,added,8,College Track,collegetrack.org,2026-09-13T02:08:28.727161+00:00,domain from page links
greenhouse,columnsoftware,cdx:boards.greenhouse.io:c,2026-09-13T01:57:47.416396+00:00,reject_dead,0,,,2026-09-13T02:08:29.386996+00:00,http 404
greenhouse,commercetools,cdx:boards.greenhouse.io:c,2026-09-13T01:57:47.416409+00:00,added,30,commercetools,commercetools.com,2026-09-13T02:08:31.664577+00:00,domain from page links
greenhouse,communitychange,cdx:boards.greenhouse.io:c,2026-09-13T01:57:47.416470+00:00,reject_dead,0,,,2026-09-13T02:08:32.387933+00:00,http 404
greenhouse,comparablysandboxsandbox,cdx:boards.greenhouse.io:c,2026-09-13T01:57:47.416552+00:00,reject_dead,0,,,2026-09-13T02:08:34.834797+00:00,http 404
greenhouse,comparaja,cdx:boards.greenhouse.io:c,2026-09-13T01:57:47.416566+00:00,added,81,ComparaJá,xn--comparaj-gza.pt,2026-09-13T02:08:37.242382+00:00,domain from page links
greenhouse,compasshealthcenter,cdx:boards.greenhouse.io:c,2026-09-13T01:57:47.416578+00:00,added,69,Compass Health Center,compasshealthcenter.net,2026-09-13T02:08:40.372796+00:00,no domain on this page; domain from page links
greenhouse,conductor,cdx:boards.greenhouse.io:c,2026-09-13T01:57:47.416590+00:00,reject_dead,0,,,2026-09-13T02:08:42.187325+00:00,http 404
greenhouse,coneyislandprep,cdx:boards.greenhouse.io:c,2026-09-13T01:57:47.416679+00:00,added,8,Coney Island Prep,coneyislandprep.org,2026-09-13T02:08:45.574500+00:00,domain from page links
greenhouse,constantcontact,cdx:boards.greenhouse.io:c,2026-09-13T01:57:47.416702+00:00,reject_no_domain,13,Constant Contact,,2026-09-13T02:15:01.904250+00:00,no domain on this page; no domain on this page
greenhouse,constellationsoftwareinc,cdx:boards.greenhouse.io:c,2026-09-13T01:57:47.416773+00:00,reject_too_few,1,,,2026-09-13T02:08:52.346396+00:00,1 < 8
greenhouse,consumeredge,cdx:boards.greenhouse.io:c,2026-09-13T01:57:47.416802+00:00,reject_too_few,3,,,2026-09-13T02:08:53.357311+00:00,3 < 8
greenhouse,contentful,cdx:boards.greenhouse.io:c,2026-09-13T01:57:47.416818+00:00,reject_too_few,6,,,2026-09-13T02:08:54.383738+00:00,6 < 8
greenhouse,convene,cdx:boards.greenhouse.io:c,2026-09-13T01:57:47.417839+00:00,reject_no_domain,42,Convene Hospitality Group,,2026-09-13T02:15:05.333627+00:00,no domain on this page; no domain on this page
greenhouse,convera,cdx:boards.greenhouse.io:c,2026-09-13T01:57:47.418039+00:00,added,55,Convera,convera.com,2026-09-13T02:12:31.814381+00:00,no domain on this page; domain from page links; re-resolved
greenhouse,corcepttherapeutics,cdx:boards.greenhouse.io:c,2026-09-13T01:57:47.418052+00:00,added,85,Corcept Therapeutics,corcept.com,2026-09-13T02:09:04.337117+00:00,domain from page links
greenhouse,cordial81,cdx:boards.greenhouse.io:c,2026-09-13T01:57:47.418280+00:00,reject_too_few,6,,,2026-09-13T02:09:05.331065+00:00,6 < 8
greenhouse,corelight,cdx:boards.greenhouse.io:c,2026-09-13T01:57:47.418300+00:00,added,15,Job Board,corelight.com,2026-09-13T02:09:07.593516+00:00,domain from page links
greenhouse,coreone,cdx:boards.greenhouse.io:c,2026-09-13T01:57:47.418782+00:00,reject_no_domain,67,Core One,,2026-09-13T02:15:08.823751+00:00,no domain on this page; no domain on this page
greenhouse,coreweave,cdx:boards.greenhouse.io:c,2026-09-13T01:57:47.419021+00:00,added,295,CoreWeave,coreweave.com,2026-09-13T02:09:36.015693+00:00,domain from page links
greenhouse,correlationone,cdx:boards.greenhouse.io:c,2026-09-13T01:57:47.419223+00:00,reject_no_domain,19,Correlation One,,2026-09-13T02:15:12.112096+00:00,no domain on this page; no domain on this page
greenhouse,costar,cdx:boards.greenhouse.io:c,2026-09-13T01:57:47.419368+00:00,added,8,Co–Star,costarastrology.com,2026-09-13T02:09:41.705664+00:00,domain from page links
greenhouse,couchbaseinc,cdx:boards.greenhouse.io:c,2026-09-13T01:57:47.419401+00:00,added,15,"Couchbase, Inc.",couchbase.com,2026-09-13T02:09:43.861074+00:00,domain from page links
greenhouse,coverahealth,cdx:boards.greenhouse.io:c,2026-09-13T01:57:47.419419+00:00,reject_no_domain,12,Covera Health,,2026-09-13T02:15:15.051394+00:00,no domain on this page; no domain on this page
greenhouse,cpm,cdx:boards.greenhouse.io:c,2026-09-13T01:57:47.419429+00:00,reject_too_few,7,,,2026-09-13T02:15:17.187919+00:00,7 < 8
greenhouse,cranialtechnologies,cdx:boards.greenhouse.io:c,2026-09-13T01:57:47.419439+00:00,added,59,Cranial Technologies,cranialtech.com,2026-09-13T02:15:19.765693+00:00,domain from page links
greenhouse,creativefabrica,cdx:boards.greenhouse.io:c,2026-09-13T01:57:47.419450+00:00,added,19,Creative Fabrica,creativefabrica.com,2026-09-13T02:15:21.890622+00:00,domain from page links
greenhouse,creativex,cdx:boards.greenhouse.io:c,2026-09-13T01:57:47.419556+00:00,reject_too_few,7,,,2026-09-13T02:15:22.988978+00:00,7 < 8
greenhouse,credible,cdx:boards.greenhouse.io:c,2026-09-13T01:57:47.419665+00:00,reject_too_few,6,,,2026-09-13T02:15:24.101232+00:00,6 < 8
greenhouse,creditkarma,cdx:boards.greenhouse.io:c,2026-09-13T01:57:47.419701+00:00,reject_dead,0,,,2026-09-13T02:15:25.094372+00:00,http 404
greenhouse,crexi,cdx:boards.greenhouse.io:c,2026-09-13T01:57:47.419989+00:00,reject_no_domain,16,Crexi,,2026-09-13T02:15:28.490066+00:00,no domain on this page; no domain on this page
greenhouse,crossbeam,cdx:boards.greenhouse.io:c,2026-09-13T01:57:47.420003+00:00,reject_dead,0,,,2026-09-13T02:15:29.302969+00:00,board live but zero open jobs
greenhouse,crossmediainc,cdx:boards.greenhouse.io:c,2026-09-13T01:57:47.420015+00:00,reject_no_domain,14,Crossmedia Inc,,2026-09-13T02:15:32.674681+00:00,no domain on this page; no domain on this page
greenhouse,crunchyroll,cdx:boards.greenhouse.io:c,2026-09-13T01:57:47.420049+00:00,added,72,"Crunchyroll, LLC",crunchyroll.com,2026-09-13T02:15:34.639816+00:00,domain from page links
greenhouse,crystaldynamics,cdx:boards.greenhouse.io:c,2026-09-13T01:57:47.420170+00:00,reject_too_few,1,,,2026-09-13T02:15:36.044342+00:00,1 < 8
greenhouse,cultureamp,cdx:boards.greenhouse.io:c,2026-09-13T01:57:47.420365+00:00,added,37,Culture Amp,cultureamp.com,2026-09-13T02:15:38.282757+00:00,domain from page links
greenhouse,curaleaf,cdx:boards.greenhouse.io:c,2026-09-13T01:57:47.420620+00:00,added,250,Curaleaf,curaleaf.com,2026-09-13T02:15:40.309606+00:00,domain from page links
greenhouse,currenciesdirect,cdx:boards.greenhouse.io:c,2026-09-13T01:57:47.421199+00:00,reject_no_domain,18,Redpin,,2026-09-13T02:15:43.751473+00:00,no domain on this page; no domain on this page
greenhouse,cvx,cdx:boards.greenhouse.io:c,2026-09-13T01:57:47.421212+00:00,reject_no_domain,43,CVX Ventures,,2026-09-13T02:15:47.349500+00:00,no domain on this page; no domain on this page
greenhouse,cymulate,cdx:boards.greenhouse.io:c,2026-09-13T01:57:47.421253+00:00,reject_no_domain,16,Cymulate,,2026-09-13T02:15:50.204531+00:00,no domain on this page; no domain on this page
greenhouse,,cdx:boards.greenhouse.io:c,2026-09-13T01:57:47.421266+00:00,shard_marker,,,,,
greenhouse,c3ascend,cdx:job-boards.greenhouse.io:c,2026-09-13T01:58:11.268266+00:00,reject_too_few,2,,,2026-09-13T02:15:51.406358+00:00,2 < 8
greenhouse,c3el,cdx:job-boards.greenhouse.io:c,2026-09-13T01:58:11.268350+00:00,reject_no_domain,58,C3EL,,2026-09-13T02:15:54.840667+00:00,no domain on this page; no domain on this page
greenhouse,c3integratedsolutions,cdx:job-boards.greenhouse.io:c,2026-09-13T01:58:11.269263+00:00,reject_too_few,1,,,2026-09-13T02:15:55.445366+00:00,1 < 8
greenhouse,c3iot,cdx:job-boards.greenhouse.io:c,2026-09-13T01:58:11.269530+00:00,added,68,C3 AI,c3.ai,2026-09-13T02:15:58.215259+00:00,domain from page links
greenhouse,c6bank,cdx:job-boards.greenhouse.io:c,2026-09-13T01:58:11.271237+00:00,added,156,C6 Bank,c6bank.com.br,2026-09-13T02:16:00.044199+00:00,domain from page links
greenhouse,cabiclothing,cdx:job-boards.greenhouse.io:c,2026-09-13T01:58:11.276967+00:00,reject_no_domain,14,"cabi, LLC",,2026-09-13T02:16:03.209316+00:00,no domain on this page; no domain on this page
greenhouse,cabify,cdx:job-boards.greenhouse.io:c,2026-09-13T01:58:11.276996+00:00,added,68,Cabify,cabify.careers,2026-09-13T02:16:07.160647+00:00,domain from page links
greenhouse,cabin,cdx:job-boards.greenhouse.io:c,2026-09-13T01:58:11.281794+00:00,reject_too_few,5,,,2026-09-13T02:16:09.390913+00:00,5 < 8
greenhouse,cabrillohospice,cdx:job-boards.greenhouse.io:c,2026-09-13T01:58:11.281923+00:00,reject_too_few,7,,,2026-09-13T02:16:14.984978+00:00,7 < 8
greenhouse,cadimensions,cdx:job-boards.greenhouse.io:c,2026-09-13T01:58:11.283055+00:00,reject_too_few,2,,,2026-09-13T02:16:18.837147+00:00,2 < 8
greenhouse,cadrehospice,cdx:job-boards.greenhouse.io:c,2026-09-13T01:58:11.283100+00:00,reject_dead,0,,,2026-09-13T02:16:20.086796+00:00,board live but zero open jobs
greenhouse,cadwell,cdx:job-boards.greenhouse.io:c,2026-09-13T01:58:11.283376+00:00,reject_no_domain,12,Cadwell,,2026-09-13T02:16:23.361592+00:00,no domain on this page; no domain on this page
greenhouse,cafortune,cdx:job-boards.greenhouse.io:c,2026-09-13T01:58:11.283435+00:00,reject_no_domain,37,C.A. Fortune,,2026-09-13T02:16:26.675231+00:00,no domain on this page; no domain on this page
greenhouse,cahillcontractors,cdx:job-boards.greenhouse.io:c,2026-09-13T01:58:11.283874+00:00,reject_too_few,4,,,2026-09-13T02:16:27.491145+00:00,4 < 8
greenhouse,cahillcontractorsgeneralapplication,cdx:job-boards.greenhouse.io:c,2026-09-13T01:58:11.283922+00:00,reject_dead,0,,,2026-09-13T02:16:28.480172+00:00,board live but zero open jobs
greenhouse,cainhoy,cdx:job-boards.greenhouse.io:c,2026-09-13T01:58:11.283945+00:00,reject_too_few,3,,,2026-09-13T02:16:29.490737+00:00,3 < 8
greenhouse,cais,cdx:job-boards.greenhouse.io:c,2026-09-13T01:58:11.283966+00:00,added,12,CAIS,caisgroup.com,2026-09-13T02:16:38.691759+00:00,domain from page links
greenhouse,caisactionfund,cdx:job-boards.greenhouse.io:c,2026-09-13T01:58:11.284802+00:00,reject_too_few,1,,,2026-09-13T02:16:39.816166+00:00,1 < 8
greenhouse,cajal-tx,cdx:job-boards.greenhouse.io:c,2026-09-13T01:58:11.284816+00:00,reject_dead,0,,,2026-09-13T02:16:40.823441+00:00,board live but zero open jobs
greenhouse,cajalneuro,cdx:job-boards.greenhouse.io:c,2026-09-13T01:58:11.284857+00:00,reject_dead,0,,,2026-09-13T02:16:41.807027+00:00,http 404
greenhouse,cake,cdx:job-boards.greenhouse.io:c,2026-09-13T01:58:11.284871+00:00,reject_dead,0,,,2026-09-13T02:16:42.795069+00:00,http 404
greenhouse,cakeai,cdx:job-boards.greenhouse.io:c,2026-09-13T01:58:11.284907+00:00,reject_too_few,2,,,2026-09-13T02:16:45.219575+00:00,2 < 8
greenhouse,calahealth,cdx:job-boards.greenhouse.io:c,2026-09-13T01:58:11.284953+00:00,added,9,Cala Health,calahealth.com,2026-09-13T02:16:47.607026+00:00,domain from page links
greenhouse,calalumniassociation,cdx:job-boards.greenhouse.io:c,2026-09-13T01:58:11.285005+00:00,reject_no_domain,9,Cal Alumni Association,,2026-09-13T02:16:51.488621+00:00,no domain on this page; no domain on this page
greenhouse,caliberhealth,cdx:job-boards.greenhouse.io:c,2026-09-13T01:58:11.286169+00:00,reject_too_few,2,,,2026-09-13T02:16:52.240154+00:00,2 < 8
greenhouse,calif,cdx:job-boards.greenhouse.io:c,2026-09-13T01:58:11.286790+00:00,reject_too_few,1,,,2026-09-13T02:16:53.341637+00:00,1 < 8
greenhouse,californiaacademyofsciences,cdx:job-boards.greenhouse.io:c,2026-09-13T01:58:11.286812+00:00,added,12,California Academy of Sciences,calacademy.org,2026-09-13T02:26:48.344471+00:00,domain from page links (calacademy.org confirmed live); re-resolved
greenhouse,californiaassociationoffoodbanks,cdx:job-boards.greenhouse.io:c,2026-09-13T01:58:11.286939+00:00,reject_too_few,4,,,2026-09-13T02:17:02.982365+00:00,4 < 8
greenhouse,californiaautismcenter,cdx:job-boards.greenhouse.io:c,2026-09-13T01:58:11.286952+00:00,reject_too_few,5,,,2026-09-13T02:17:04.107543+00:00,5 < 8
greenhouse,californiapsychics,cdx:job-boards.greenhouse.io:c,2026-09-13T01:58:11.286964+00:00,reject_too_few,1,,,2026-09-13T02:17:06.119419+00:00,1 < 8
greenhouse,callibrity,cdx:job-boards.greenhouse.io:c,2026-09-13T01:58:11.286985+00:00,reject_dead,0,,,2026-09-13T02:17:07.221691+00:00,http 404
greenhouse,callinglakesdentalclinic,cdx:job-boards.greenhouse.io:c,2026-09-13T01:58:11.287158+00:00,reject_dead,0,,,2026-09-13T02:17:09.325366+00:00,board live but zero open jobs
greenhouse,calvettifergusonexperiencedprofessionals,cdx:job-boards.greenhouse.io:c,2026-09-13T01:58:11.287963+00:00,reject_dead,0,,,2026-09-13T02:17:10.999609+00:00,http 404
greenhouse,calvettifergusoninternships,cdx:job-boards.greenhouse.io:c,2026-09-13T01:58:11.288021+00:00,reject_dead,0,,,2026-09-13T02:17:12.006356+00:00,http 404
greenhouse,calyxinstitute,cdx:job-boards.greenhouse.io:c,2026-09-13T01:58:11.288074+00:00,reject_dead,0,,,2026-09-13T02:17:13.605736+00:00,board live but zero open jobs
greenhouse,calyxo,cdx:job-boards.greenhouse.io:c,2026-09-13T01:58:11.288140+00:00,added,20,Calyxo,calyxoinc.com,2026-09-13T02:17:16.697387+00:00,domain from page links
greenhouse,camp,cdx:job-boards.greenhouse.io:c,2026-09-13T01:58:11.289054+00:00,added,34,CAMP,camp.com,2026-09-13T02:17:19.639469+00:00,no domain on this page; domain from page links
greenhouse,campbellcovington,cdx:job-boards.greenhouse.io:c,2026-09-13T01:58:11.290592+00:00,reject_too_few,1,,,2026-09-13T02:17:20.593636+00:00,1 < 8
greenhouse,campminder,cdx:job-boards.greenhouse.io:c,2026-09-13T01:58:11.290604+00:00,reject_too_few,6,,,2026-09-13T02:17:21.594599+00:00,6 < 8
greenhouse,campphoenix,cdx:job-boards.greenhouse.io:c,2026-09-13T01:58:11.290740+00:00,reject_dead,0,,,2026-09-13T02:17:22.576596+00:00,board live but zero open jobs
greenhouse,campuscompact,cdx:job-boards.greenhouse.io:c,2026-09-13T01:58:11.290765+00:00,reject_dead,0,,,2026-09-13T02:17:23.581169+00:00,board live but zero open jobs
greenhouse,campusedu,cdx:job-boards.greenhouse.io:c,2026-09-13T01:58:11.290849+00:00,reject_dead,0,,,2026-09-13T02:17:25.842123+00:00,http 404
greenhouse,campusopportunities,cdx:job-boards.greenhouse.io:c,2026-09-13T01:58:11.291765+00:00,reject_dead,0,,,2026-09-13T02:17:26.854513+00:00,http 404
greenhouse,cancernavigator,cdx:job-boards.greenhouse.io:c,2026-09-13T01:58:11.291892+00:00,reject_too_few,3,,,2026-09-13T02:17:27.856827+00:00,3 < 8
greenhouse,cancostileandstone,cdx:job-boards.greenhouse.io:c,2026-09-13T01:58:11.291904+00:00,reject_too_few,7,,,2026-09-13T02:17:28.887506+00:00,7 < 8
greenhouse,candid,cdx:job-boards.greenhouse.io:c,2026-09-13T01:58:11.291915+00:00,added,16,Candid,candidco.com,2026-09-13T02:17:31.477253+00:00,domain from page links
greenhouse,candidaturasdirecionadasxpinc,cdx:job-boards.greenhouse.io:c,2026-09-13T01:58:11.292037+00:00,reject_no_domain,16,Candidaturas Direcionadas,,2026-09-13T02:17:34.911480+00:00,no domain on this page; no domain on this page
greenhouse,candidly,cdx:job-boards.greenhouse.io:c,2026-09-13T01:58:11.292349+00:00,reject_dead,0,,,2026-09-13T02:17:35.468721+00:00,board live but zero open jobs
greenhouse,canj,cdx:job-boards.greenhouse.io:c,2026-09-13T01:58:11.292431+00:00,reject_dead,0,,,2026-09-13T02:17:39.587033+00:00,http 404
greenhouse,cannabisandglass,cdx:job-boards.greenhouse.io:c,2026-09-13T01:58:11.292468+00:00,added,8,Cannabis & Glass,cannabisandglass.com,2026-09-13T02:17:41.951409+00:00,domain from page links
greenhouse,cannondale,cdx:job-boards.greenhouse.io:c,2026-09-13T01:58:11.292609+00:00,reject_too_few,4,,,2026-09-13T02:17:42.976078+00:00,4 < 8
greenhouse,canonical,cdx:job-boards.greenhouse.io:c,2026-09-13T01:58:11.292745+00:00,added,303,Canonical,canonical.com,2026-09-13T02:17:45.252782+00:00,domain from page links
greenhouse,canopycare,cdx:job-boards.greenhouse.io:c,2026-09-13T01:58:11.306745+00:00,reject_too_few,4,,,2026-09-13T02:17:46.190577+00:00,4 < 8
greenhouse,canopyconnect,cdx:job-boards.greenhouse.io:c,2026-09-13T01:58:11.306873+00:00,reject_too_few,7,,,2026-09-13T02:17:47.189648+00:00,7 < 8
greenhouse,canopytax,cdx:job-boards.greenhouse.io:c,2026-09-13T01:58:11.306909+00:00,added,10,Canopy,getcanopy.com,2026-09-13T02:17:49.675689+00:00,domain from page links
greenhouse,canopyworks,cdx:job-boards.greenhouse.io:c,2026-09-13T01:58:11.307073+00:00,reject_no_domain,12,Canopy Works,,2026-09-13T02:17:53.406557+00:00,no domain on this page; no domain on this page
greenhouse,canto,cdx:job-boards.greenhouse.io:c,2026-09-13T01:58:11.307098+00:00,reject_too_few,1,,,2026-09-13T02:17:54.674614+00:00,1 < 8
greenhouse,canvasconstruction,cdx:job-boards.greenhouse.io:c,2026-09-13T01:58:11.307180+00:00,reject_dead,0,,,2026-09-13T02:17:55.689325+00:00,http 404
greenhouse,capfigroupe,cdx:job-boards.greenhouse.io:c,2026-09-13T01:58:11.312557+00:00,added,30,CAPFI,capfi.fr,2026-09-13T02:17:57.954278+00:00,domain from page links
greenhouse,capgeminideutschlandgmbh,cdx:job-boards.greenhouse.io:c,2026-09-13T01:58:11.312651+00:00,added,109,Capgemini Invent,capgemini.com,2026-09-13T02:18:02.697347+00:00,domain from page links
greenhouse,capintel,cdx:job-boards.greenhouse.io:c,2026-09-13T01:58:11.312659+00:00,reject_too_few,3,,,2026-09-13T02:18:03.279153+00:00,3 < 8
greenhouse,capitalbank,cdx:job-boards.greenhouse.io:c,2026-09-13T01:58:11.312833+00:00,reject_no_domain,20,Capital Bank,,2026-09-13T02:18:08.247865+00:00,no domain on this page; no domain on this page
greenhouse,capitalfarmcredit,cdx:job-boards.greenhouse.io:c,2026-09-13T01:58:11.312842+00:00,reject_no_domain,16,Capital Farm Credit,baiworks.com,2026-09-13T02:23:58.321604+00:00,"rejected unconfirmed link domain baiworks.com; no domain on this page; rejected unconfirmed link domain baiworks.com; no domain on this page; re-resolved, dropped"
greenhouse,capitalgymnasticsroundrock,cdx:job-boards.greenhouse.io:c,2026-09-13T01:58:11.312917+00:00,reject_too_few,1,,,2026-09-13T02:18:11.382559+00:00,1 < 8
greenhouse,capitalrx,cdx:job-boards.greenhouse.io:c,2026-09-13T01:58:11.313597+00:00,reject_dead,0,,,2026-09-13T02:18:12.669533+00:00,http 404
greenhouse,capspire,cdx:job-boards.greenhouse.io:c,2026-09-13T01:58:11.315185+00:00,reject_dead,0,,,2026-09-13T02:18:13.752897+00:00,http 404
greenhouse,capstack,cdx:job-boards.greenhouse.io:c,2026-09-13T01:58:11.315370+00:00,reject_dead,0,,,2026-09-13T02:18:14.790246+00:00,http 404
greenhouse,capstonedc,cdx:job-boards.greenhouse.io:c,2026-09-13T01:58:11.315383+00:00,reject_dead,0,,,2026-09-13T02:18:15.990913+00:00,http 404
greenhouse,capstoneintegratedsolutions,cdx:job-boards.greenhouse.io:c,2026-09-13T01:58:11.315761+00:00,reject_too_few,4,,,2026-09-13T02:18:17.213490+00:00,4 < 8
greenhouse,capstoneinvestmentadvisors,cdx:job-boards.greenhouse.io:c,2026-09-13T01:58:11.315796+00:00,reject_no_domain,12,Capstone Investment Advisors,,2026-09-13T02:18:20.488506+00:00,no domain on this page; no domain on this page
greenhouse,captify,cdx:job-boards.greenhouse.io:c,2026-09-13T01:58:11.316097+00:00,reject_too_few,6,,,2026-09-13T02:18:21.015998+00:00,6 < 8
greenhouse,carbon,cdx:job-boards.greenhouse.io:c,2026-09-13T01:58:11.317023+00:00,added,14,"Carbon, Inc.",carbon3d.com,2026-09-13T02:18:23.333338+00:00,domain from page links
greenhouse,carbonchain,cdx:job-boards.greenhouse.io:c,2026-09-13T01:58:11.317460+00:00,reject_too_few,1,,,2026-09-13T02:18:24.343142+00:00,1 < 8
greenhouse,carbonfuture,cdx:job-boards.greenhouse.io:c,2026-09-13T01:58:11.317968+00:00,reject_dead,0,,,2026-09-13T02:18:25.300294+00:00,board live but zero open jobs
greenhouse,cardata,cdx:job-boards.greenhouse.io:c,2026-09-13T01:58:11.317988+00:00,reject_too_few,4,,,2026-09-13T02:18:26.741482+00:00,4 < 8
greenhouse,cardflight,cdx:job-boards.greenhouse.io:c,2026-09-13T01:58:11.318032+00:00,reject_dead,0,,,2026-09-13T02:18:27.724641+00:00,http 404
greenhouse,cardinal,cdx:job-boards.greenhouse.io:c,2026-09-13T01:58:11.318191+00:00,reject_dead,0,,,2026-09-13T02:18:35.357096+00:00,http 404
greenhouse,cardinalpoint,cdx:job-boards.greenhouse.io:c,2026-09-13T01:58:11.318203+00:00,reject_dead,0,,,2026-09-13T02:18:37.314560+00:00,http 404
greenhouse,cardionow,cdx:job-boards.greenhouse.io:c,2026-09-13T01:58:11.318211+00:00,reject_dead,0,,,2026-09-13T02:18:38.319693+00:00,http 404
greenhouse,cardioone,cdx:job-boards.greenhouse.io:c,2026-09-13T01:58:11.318218+00:00,reject_dead,0,,,2026-09-13T02:18:40.430905+00:00,http 404
greenhouse,careaccess,cdx:job-boards.greenhouse.io:c,2026-09-13T01:58:11.318587+00:00,added,38,Care Access,careaccess.com,2026-09-13T02:18:42.849225+00:00,domain from page links
greenhouse,carebridgehealth,cdx:job-boards.greenhouse.io:c,2026-09-13T01:58:11.319067+00:00,reject_dead,0,,,2026-09-13T02:18:43.396772+00:00,http 404
greenhouse,caredxinc,cdx:job-boards.greenhouse.io:c,2026-09-13T01:58:11.319096+00:00,added,20,"CareDx, Inc.",caredx.com,2026-09-13T02:18:46.154601+00:00,domain from page links
greenhouse,careersatkokua,cdx:job-boards.greenhouse.io:c,2026-09-13T01:58:11.320526+00:00,reject_too_few,1,,,2026-09-13T02:18:46.895259+00:00,1 < 8
greenhouse,careersatpeakenergy,cdx:job-boards.greenhouse.io:c,2026-09-13T01:58:11.320541+00:00,reject_dead,0,,,2026-09-13T02:18:48.374856+00:00,http 404
greenhouse,careersday,cdx:job-boards.greenhouse.io:c,2026-09-13T01:58:11.320643+00:00,reject_too_few,6,,,2026-09-13T02:18:49.388243+00:00,6 < 8
greenhouse,careerteam,cdx:job-boards.greenhouse.io:c,2026-09-13T01:58:11.320656+00:00,reject_no_domain,51,Career Team,,2026-09-13T02:18:52.639917+00:00,no domain on this page; no domain on this page
greenhouse,careervillage,cdx:job-boards.greenhouse.io:c,2026-09-13T01:58:11.321405+00:00,reject_too_few,2,,,2026-09-13T02:18:53.580530+00:00,2 < 8
greenhouse,carefeed,cdx:job-boards.greenhouse.io:c,2026-09-13T01:58:11.321449+00:00,reject_too_few,6,,,2026-09-13T02:18:54.599240+00:00,6 < 8
greenhouse,careof,cdx:job-boards.greenhouse.io:c,2026-09-13T01:58:11.321552+00:00,reject_dead,0,,,2026-09-13T02:18:58.476754+00:00,http 404
greenhouse,carerev,cdx:job-boards.greenhouse.io:c,2026-09-13T01:58:11.321561+00:00,reject_dead,0,,,2026-09-13T02:19:01.335371+00:00,http 404
greenhouse,carewell,cdx:job-boards.greenhouse.io:c,2026-09-13T01:58:11.321579+00:00,reject_dead,0,,,2026-09-13T02:19:03.258829+00:00,http 404
greenhouse,cargomatic,cdx:job-boards.greenhouse.io:c,2026-09-13T01:58:11.321611+00:00,reject_no_domain,14,Cargomatic,,2026-09-13T02:19:06.551663+00:00,no domain on this page; no domain on this page
greenhouse,cariadinc,cdx:job-boards.greenhouse.io:c,2026-09-13T01:58:11.321853+00:00,reject_too_few,2,,,2026-09-13T02:19:07.446680+00:00,2 < 8
greenhouse,caribou,cdx:job-boards.greenhouse.io:c,2026-09-13T01:58:11.322012+00:00,reject_too_few,4,,,2026-09-13T02:19:08.460943+00:00,4 < 8
greenhouse,cariboubiosciencesinc,cdx:job-boards.greenhouse.io:c,2026-09-13T01:58:11.322124+00:00,reject_too_few,2,,,2026-09-13T02:19:09.920959+00:00,2 < 8
greenhouse,carmichaellynchrelate,cdx:job-boards.greenhouse.io:c,2026-09-13T01:58:11.322373+00:00,reject_dead,0,,,2026-09-13T02:19:10.951465+00:00,board live but zero open jobs
greenhouse,carolinapaydayloansinc,cdx:job-boards.greenhouse.io:c,2026-09-13T01:58:11.322381+00:00,reject_too_few,1,,,2026-09-13T02:19:12.249114+00:00,1 < 8
greenhouse,carolinatitleloansinc,cdx:job-boards.greenhouse.io:c,2026-09-13T01:58:11.322399+00:00,reject_too_few,3,,,2026-09-13T02:19:13.254320+00:00,3 < 8
greenhouse,carrallison,cdx:job-boards.greenhouse.io:c,2026-09-13T01:58:11.322764+00:00,reject_no_domain,17,Carr Allison,,2026-09-13T02:19:16.512193+00:00,no domain on this page; no domain on this page
greenhouse,carrotfertility,cdx:job-boards.greenhouse.io:c,2026-09-13T01:58:11.322772+00:00,reject_no_domain,15,Carrot,,2026-09-13T02:19:19.839165+00:00,no domain on this page; no domain on this page
greenhouse,carta,cdx:job-boards.greenhouse.io:c,2026-09-13T01:58:11.324252+00:00,already_in_targets,,,,,present in --out
greenhouse,carveyourownpath,cdx:job-boards.greenhouse.io:c,2026-09-13T01:58:11.330223+00:00,reject_dead,0,,,2026-09-13T02:19:22.270926+00:00,http 404
greenhouse,casa,cdx:job-boards.greenhouse.io:c,2026-09-13T01:58:11.330241+00:00,reject_too_few,1,,,2026-09-13T02:19:23.284401+00:00,1 < 8
greenhouse,casago,cdx:job-boards.greenhouse.io:c,2026-09-13T01:58:11.330324+00:00,reject_too_few,1,,,2026-09-13T02:19:24.286648+00:00,1 < 8
greenhouse,cascadeloans,cdx:job-boards.greenhouse.io:c,2026-09-13T01:58:11.330343+00:00,reject_too_few,7,,,2026-09-13T02:19:25.543428+00:00,7 < 8
greenhouse,cascalahealth,cdx:job-boards.greenhouse.io:c,2026-09-13T01:58:11.330416+00:00,reject_dead,0,,,2026-09-13T02:19:26.521753+00:00,http 404
greenhouse,caseagency,cdx:job-boards.greenhouse.io:c,2026-09-13T01:58:11.330441+00:00,reject_too_few,4,,,2026-09-13T02:19:27.534817+00:00,4 < 8
greenhouse,casechek,cdx:job-boards.greenhouse.io:c,2026-09-13T01:58:11.330474+00:00,reject_too_few,6,,,2026-09-13T02:19:28.537254+00:00,6 < 8
greenhouse,caseguard,cdx:job-boards.greenhouse.io:c,2026-09-13T01:58:11.330600+00:00,added,13,CaseGuard,caseguard.com,2026-09-13T02:19:31.121044+00:00,domain from page links
greenhouse,caseinpointconsulting,cdx:job-boards.greenhouse.io:c,2026-09-13T01:58:11.330815+00:00,added,16,Case in Point Consulting,caseinpointco.com,2026-09-13T02:19:33.275762+00:00,domain from page links
greenhouse,casemanagementconsulting,cdx:job-boards.greenhouse.io:c,2026-09-13T01:58:11.330829+00:00,reject_too_few,2,,,2026-09-13T02:19:34.621231+00:00,2 < 8
greenhouse,casestatus,cdx:job-boards.greenhouse.io:c,2026-09-13T01:58:11.330887+00:00,reject_dead,0,,,2026-09-13T02:19:35.607654+00:00,board live but zero open jobs
greenhouse,casetify,cdx:job-boards.greenhouse.io:c,2026-09-13T01:58:11.330936+00:00,added,61,CASETiFY,casetify.com,2026-09-13T02:19:38.070067+00:00,domain from page links
greenhouse,cashcowlouisiana,cdx:job-boards.greenhouse.io:c,2026-09-13T01:58:11.331205+00:00,added,10,Cash Cow - Louisiana,cashcowlouisiana.com,2026-09-13T02:19:39.911790+00:00,domain from page links
greenhouse,casper,cdx:job-boards.greenhouse.io:c,2026-09-13T01:58:11.331530+00:00,reject_dead,0,,,2026-09-13T02:19:40.614566+00:00,http 404
greenhouse,casperretail,cdx:job-boards.greenhouse.io:c,2026-09-13T01:58:11.331570+00:00,reject_dead,0,,,2026-09-13T02:19:41.613938+00:00,http 404
greenhouse,casted,cdx:job-boards.greenhouse.io:c,2026-09-13T01:58:11.331768+00:00,reject_dead,0,,,2026-09-13T02:19:44.312598+00:00,board live but zero open jobs
greenhouse,castlebrook,cdx:job-boards.greenhouse.io:c,2026-09-13T01:58:11.331777+00:00,reject_too_few,1,,,2026-09-13T02:19:45.330342+00:00,1 < 8
greenhouse,castlehill,cdx:job-boards.greenhouse.io:c,2026-09-13T01:58:11.331789+00:00,reject_too_few,1,,,2026-09-13T02:19:46.320463+00:00,1 < 8
greenhouse,castlehillgaming,cdx:job-boards.greenhouse.io:c,2026-09-13T01:58:11.331797+00:00,reject_too_few,2,,,2026-09-13T02:19:47.999361+00:00,2 < 8
greenhouse,castleoaksecurities,cdx:job-boards.greenhouse.io:c,2026-09-13T01:58:11.331810+00:00,reject_too_few,5,,,2026-09-13T02:19:49.022372+00:00,5 < 8
greenhouse,catalystopenroles,cdx:job-boards.greenhouse.io:c,2026-09-13T01:58:11.331822+00:00,reject_dead,0,,,2026-09-13T02:19:50.066214+00:00,http 404
greenhouse,catamountconstructors,cdx:job-boards.greenhouse.io:c,2026-09-13T01:58:11.331839+00:00,reject_no_domain,27,Catamount Constructors,,2026-09-13T02:19:53.389672+00:00,no domain on this page; no domain on this page
greenhouse,catapultsports,cdx:job-boards.greenhouse.io:c,2026-09-13T01:58:11.331951+00:00,reject_no_domain,30,Catapult Sports,,2026-09-13T02:19:56.627858+00:00,no domain on this page; no domain on this page
greenhouse,catawiki,cdx:job-boards.greenhouse.io:c,2026-09-13T01:58:11.332334+00:00,added,44,Catawiki,catawiki.com,2026-09-13T02:20:05.875333+00:00,domain from page links
greenhouse,catchafire,cdx:job-boards.greenhouse.io:c,2026-09-13T01:58:11.332918+00:00,reject_dead,0,,,2026-09-13T02:20:07.189461+00:00,http 404
greenhouse,catchcreationllc,cdx:job-boards.greenhouse.io:c,2026-09-13T01:58:11.332926+00:00,reject_no_domain,19,"Catch Creation, LLC",,2026-09-13T02:20:10.500956+00:00,no domain on this page; no domain on this page
greenhouse,category-labs,cdx:job-boards.greenhouse.io:c,2026-09-13T01:58:11.333064+00:00,reject_dead,0,,,2026-09-13T02:20:11.181353+00:00,http 404
greenhouse,catenaclearing,cdx:job-boards.greenhouse.io:c,2026-09-13T01:58:11.333157+00:00,reject_dead,0,,,2026-09-13T02:20:14.794124+00:00,http 404
greenhouse,catorce,cdx:job-boards.greenhouse.io:c,2026-09-13T01:58:11.333165+00:00,reject_no_domain,11,CATORCE,ddb.com,2026-09-13T02:24:02.238634+00:00,"rejected unconfirmed link domain ddb.com; no domain on this page; rejected unconfirmed link domain ddb.com; no domain on this page; re-resolved, dropped"
greenhouse,cavnue,cdx:job-boards.greenhouse.io:c,2026-09-13T01:58:11.333228+00:00,reject_dead,0,,,2026-09-13T02:20:25.173432+00:00,board live but zero open jobs
greenhouse,cayabacare,cdx:job-boards.greenhouse.io:c,2026-09-13T01:58:11.333247+00:00,reject_dead,0,,,2026-09-13T02:20:26.516370+00:00,http 404
greenhouse,caylent,cdx:job-boards.greenhouse.io:c,2026-09-13T01:58:11.333360+00:00,added,84,Caylent,caylent.com,2026-09-13T02:20:35.153621+00:00,domain from page links
greenhouse,cayuse,cdx:job-boards.greenhouse.io:c,2026-09-13T01:58:11.334484+00:00,reject_too_few,4,,,2026-09-13T02:20:35.820122+00:00,4 < 8
greenhouse,cb4,cdx:job-boards.greenhouse.io:c,2026-09-13T01:58:11.334538+00:00,reject_dead,0,,,2026-09-13T02:20:36.803143+00:00,board live but zero open jobs
greenhouse,cbcivil,cdx:job-boards.greenhouse.io:c,2026-09-13T01:58:11.334563+00:00,reject_dead,0,,,2026-09-13T02:20:43.123051+00:00,http 404
greenhouse,cbcs,cdx:job-boards.greenhouse.io:c,2026-09-13T01:58:11.334577+00:00,added,8,CBCS,cbcsclaims.com,2026-09-13T02:20:57.697573+00:00,domain from page links
greenhouse,cbemllc,cdx:job-boards.greenhouse.io:c,2026-09-13T01:58:11.334599+00:00,reject_no_domain,14,CBEM LLC,,2026-09-13T02:21:01.469316+00:00,no domain on this page; no domain on this page
greenhouse,cbinsights,cdx:job-boards.greenhouse.io:c,2026-09-13T01:58:11.335099+00:00,reject_too_few,3,,,2026-09-13T02:21:03.266227+00:00,3 < 8
greenhouse,cbreferral,cdx:job-boards.greenhouse.io:c,2026-09-13T01:58:11.335222+00:00,reject_dead,0,,,2026-09-13T02:21:04.249287+00:00,http 404
greenhouse,cc,cdx:job-boards.greenhouse.io:c,2026-09-13T01:58:11.335623+00:00,reject_dead,0,,,2026-09-13T02:21:08.009694+00:00,board live but zero open jobs
greenhouse,ccah,cdx:job-boards.greenhouse.io:c,2026-09-13T01:58:11.336016+00:00,added,11,Central California Alliance for Health,thealliance.health,2026-09-13T02:26:51.259811+00:00,domain from page links (thealliance.health confirmed live); re-resolved
greenhouse,ccahremote,cdx:job-boards.greenhouse.io:c,2026-09-13T01:58:11.336495+00:00,reject_dead,0,,,2026-09-13T02:21:13.905308+00:00,board live but zero open jobs
greenhouse,cceo,cdx:job-boards.greenhouse.io:c,2026-09-13T01:58:11.336654+00:00,reject_dead,0,,,2026-09-13T02:21:15.291907+00:00,http 404
greenhouse,cclfg,cdx:job-boards.greenhouse.io:c,2026-09-13T01:58:11.336668+00:00,reject_no_domain,72,"Connor, Clark & Lunn Financial Group Ltd.",cclgroup.com,2026-09-13T02:24:20.235990+00:00,"rejected unconfirmed link domain cclgroup.com; no domain on this page; rejected unconfirmed link domain cclgroup.com; no domain on this page; re-resolved, dropped"
greenhouse,cclim,cdx:job-boards.greenhouse.io:c,2026-09-13T01:58:11.336675+00:00,reject_too_few,4,,,2026-09-13T02:21:19.903500+00:00,4 < 8
greenhouse,ccof,cdx:job-boards.greenhouse.io:c,2026-09-13T01:58:11.337224+00:00,reject_too_few,3,,,2026-09-13T02:21:20.908521+00:00,3 < 8
greenhouse,ccpublicboard,cdx:job-boards.greenhouse.io:c,2026-09-13T01:58:11.337255+00:00,reject_dead,0,,,2026-09-13T02:21:22.066671+00:00,http 404
greenhouse,ccscareers,cdx:job-boards.greenhouse.io:c,2026-09-13T01:58:11.337269+00:00,reject_dead,0,,,2026-09-13T02:21:23.303028+00:00,http 404
greenhouse,ccscontactcentercareers,cdx:job-boards.greenhouse.io:c,2026-09-13T01:58:11.337311+00:00,reject_dead,0,,,2026-09-13T02:21:24.328722+00:00,board live but zero open jobs
greenhouse,ccscorpcareers,cdx:job-boards.greenhouse.io:c,2026-09-13T01:58:11.337331+00:00,reject_dead,0,,,2026-09-13T02:21:25.301074+00:00,board live but zero open jobs
greenhouse,cdatajapan,cdx:job-boards.greenhouse.io:c,2026-09-13T01:58:11.337428+00:00,reject_dead,0,,,2026-09-13T02:21:26.538140+00:00,http 404
greenhouse,cdatasoftware,cdx:job-boards.greenhouse.io:c,2026-09-13T01:58:11.337437+00:00,reject_dead,0,,,2026-09-13T02:21:27.522757+00:00,http 404
greenhouse,cdbabyjobs,cdx:job-boards.greenhouse.io:c,2026-09-13T01:58:11.337466+00:00,reject_dead,0,,,2026-09-13T02:21:28.521764+00:00,board live but zero open jobs
greenhouse,cdmbarcelona,cdx:job-boards.greenhouse.io:c,2026-09-13T01:58:11.337498+00:00,reject_dead,0,,,2026-09-13T02:21:29.542626+00:00,http 404
greenhouse,cedarrapidsprep,cdx:job-boards.greenhouse.io:c,2026-09-13T01:58:11.337839+00:00,reject_too_few,2,,,2026-09-13T02:21:30.535129+00:00,2 < 8
greenhouse,cedarsolutionsgroup,cdx:job-boards.greenhouse.io:c,2026-09-13T01:58:11.337869+00:00,reject_too_few,1,,,2026-09-13T02:21:31.522395+00:00,1 < 8
greenhouse,ceg,cdx:job-boards.greenhouse.io:c,2026-09-13T01:58:11.337887+00:00,added,34,Samlino Group,samlinogroup.com,2026-09-13T02:21:33.938191+00:00,domain from page links
greenhouse,celcuity,cdx:job-boards.greenhouse.io:c,2026-09-13T01:58:11.338241+00:00,reject_dead,0,,,2026-09-13T02:21:34.527097+00:00,http 404
greenhouse,celerocommunicationsinc,cdx:job-boards.greenhouse.io:c,2026-09-13T01:58:11.338249+00:00,reject_no_domain,23,"Celero Communications, Inc.",,2026-09-13T02:21:37.877072+00:00,no domain on this page; no domain on this page
greenhouse,celestialai,cdx:job-boards.greenhouse.io:c,2026-09-13T01:58:11.338340+00:00,reject_dead,0,,,2026-09-13T02:21:38.852319+00:00,http 404
greenhouse,cellanome,cdx:job-boards.greenhouse.io:c,2026-09-13T01:58:11.339294+00:00,reject_no_domain,13,Cellanome,,2026-09-13T02:21:42.771201+00:00,no domain on this page; no domain on this page
greenhouse,cellarity,cdx:job-boards.greenhouse.io:c,2026-09-13T01:58:11.339423+00:00,reject_too_few,3,,,2026-09-13T02:21:43.326441+00:00,3 < 8
greenhouse,cellsignalingtechnology79,cdx:job-boards.greenhouse.io:c,2026-09-13T01:58:11.339446+00:00,added,8,Cell Signaling Technology,cellsignal.com,2026-09-13T02:21:46.313927+00:00,domain from page links
greenhouse,celofoundation,cdx:job-boards.greenhouse.io:c,2026-09-13T01:58:11.339592+00:00,reject_dead,0,,,2026-09-13T02:21:46.836607+00:00,http 404
greenhouse,celonis,cdx:job-boards.greenhouse.io:c,2026-09-13T01:58:11.339600+00:00,added,270,Celonis,celonis.com,2026-09-13T02:21:49.566583+00:00,domain from page links
greenhouse,centennial,cdx:job-boards.greenhouse.io:c,2026-09-13T01:58:11.344964+00:00,reject_no_domain,13,Centennial Real Estate Company LLC,,2026-09-13T02:21:53.478472+00:00,no domain on this page; no domain on this page
greenhouse,centerforartificialintelligencesafetyinc,cdx:job-boards.greenhouse.io:c,2026-09-13T01:58:11.345096+00:00,added,11,Center for AI Safety (CAIS),safe.ai,2026-09-13T02:21:55.469772+00:00,domain from page links
greenhouse,centerforauditquality,cdx:job-boards.greenhouse.io:c,2026-09-13T01:58:11.345170+00:00,reject_too_few,1,,,2026-09-13T02:21:56.140133+00:00,1 < 8
greenhouse,centerforphysicaltherapyandexercise,cdx:job-boards.greenhouse.io:c,2026-09-13T01:58:11.345831+00:00,added,11,Center for Physical Therapy and Exercise (CPTE),cpte.net,2026-09-13T02:22:00.165672+00:00,domain from page links
greenhouse,centerforstrategicandinternationalstudiesinc,cdx:job-boards.greenhouse.io:c,2026-09-13T01:58:11.345887+00:00,reject_no_domain,11,"Center for Strategic and International Studies, Inc.",,2026-09-13T02:24:30.676736+00:00,no domain on this page; no domain on this page
greenhouse,centessapharmaceuticalsinc,cdx:job-boards.greenhouse.io:c,2026-09-13T01:58:11.346011+00:00,reject_no_domain,20,"Centessa Pharmaceuticals, a wholly owned subsidiary of Eli Lilly and Company",,2026-09-13T02:24:35.201460+00:00,no domain on this page; no domain on this page
greenhouse,centralreach,cdx:job-boards.greenhouse.io:c,2026-09-13T01:58:11.346229+00:00,reject_no_domain,13,CentralReach,,2026-09-13T02:24:38.301286+00:00,no domain on this page; no domain on this page
greenhouse,centriaautism,cdx:job-boards.greenhouse.io:c,2026-09-13T01:58:11.346352+00:00,reject_too_many,1232,,,2026-09-13T02:24:41.114618+00:00,1232 > 400
greenhouse,centriahealthcare,cdx:job-boards.greenhouse.io:c,2026-09-13T01:58:11.348333+00:00,reject_no_domain,42,Centria Healthcare,,2026-09-13T02:24:44.171074+00:00,no domain on this page; no domain on this page
greenhouse,centribusinessconsulting,cdx:job-boards.greenhouse.io:c,2026-09-13T01:58:11.348829+00:00,added,52,Centri Business Consulting,centriconsulting.com,2026-09-13T02:26:52.915149+00:00,domain from page links (centriconsulting.com confirmed live); re-resolved
greenhouse,centrumhealth,cdx:job-boards.greenhouse.io:c,2026-09-13T01:58:11.348861+00:00,added,30,Centrum Health,centrumhealth.com,2026-09-13T02:24:48.917784+00:00,domain from page links (name match)
greenhouse,centuracollege,cdx:job-boards.greenhouse.io:c,2026-09-13T01:58:11.349040+00:00,reject_no_domain,13,Centura College,,2026-09-13T02:24:52.606671+00:00,no domain on this page; no domain on this page
greenhouse,centurycommunitiesinc,cdx:job-boards.greenhouse.io:c,2026-09-13T01:58:11.349109+00:00,reject_no_domain,52,"Century Communities, Inc.",,2026-09-13T02:24:56.051479+00:00,no domain on this page; no domain on this page
greenhouse,cerebral,cdx:job-boards.greenhouse.io:c,2026-09-13T01:58:11.349121+00:00,reject_dead,0,,,2026-09-13T02:24:58.093744+00:00,http 404
greenhouse,cerebralgoogle,cdx:job-boards.greenhouse.io:c,2026-09-13T01:58:11.349340+00:00,reject_dead,0,,,2026-09-13T02:24:59.096328+00:00,http 404
greenhouse,cerebrassystems,cdx:job-boards.greenhouse.io:c,2026-09-13T01:58:11.349354+00:00,reject_dead,0,,,2026-09-13T02:25:00.165354+00:00,http 404
greenhouse,ceribell,cdx:job-boards.greenhouse.io:c,2026-09-13T01:58:11.351313+00:00,added,45,"Ceribell, Inc",ceribell.com,2026-09-13T02:25:02.632189+00:00,domain from page links (name match)
greenhouse,cerqlar,cdx:job-boards.greenhouse.io:c,2026-09-13T01:58:11.352267+00:00,reject_dead,0,,,2026-09-13T02:25:03.468708+00:00,board live but zero open jobs
greenhouse,certifiedgroup,cdx:job-boards.greenhouse.io:c,2026-09-13T01:58:11.352276+00:00,reject_no_domain,69,Certified Group,,2026-09-13T02:25:06.790899+00:00,no domain on this page; no domain on this page
greenhouse,cerulacare,cdx:job-boards.greenhouse.io:c,2026-09-13T01:58:11.352486+00:00,reject_too_few,2,,,2026-09-13T02:25:07.597434+00:00,2 < 8
greenhouse,cesium,cdx:job-boards.greenhouse.io:c,2026-09-13T01:58:11.352556+00:00,reject_dead,0,,,2026-09-13T02:25:11.781588+00:00,http 404
greenhouse,cetraruddy,cdx:job-boards.greenhouse.io:c,2026-09-13T01:58:11.352565+00:00,reject_dead,0,,,2026-09-13T02:25:12.780287+00:00,http 404
greenhouse,cff,cdx:job-boards.greenhouse.io:c,2026-09-13T01:58:11.352572+00:00,reject_dead,0,,,2026-09-13T02:25:13.782474+00:00,board live but zero open jobs
greenhouse,cfoinsights,cdx:job-boards.greenhouse.io:c,2026-09-13T01:58:11.352596+00:00,reject_no_domain,365,CFO Insights,,2026-09-13T02:25:17.116909+00:00,no domain on this page; no domain on this page
greenhouse,cgscan,cdx:job-boards.greenhouse.io:c,2026-09-13T01:58:11.352687+00:00,reject_dead,0,,,2026-09-13T02:25:30.978057+00:00,board live but zero open jobs
greenhouse,chaincodelabs,cdx:job-boards.greenhouse.io:c,2026-09-13T01:58:11.352727+00:00,reject_too_few,1,,,2026-09-13T02:25:32.298587+00:00,1 < 8
greenhouse,chainguard,cdx:job-boards.greenhouse.io:c,2026-09-13T01:58:11.352740+00:00,added,80,Chainguard,chainguard.dev,2026-09-13T02:25:34.600942+00:00,domain from page links (name match)
greenhouse,chainsafesystems,cdx:job-boards.greenhouse.io:c,2026-09-13T01:58:11.356310+00:00,reject_dead,0,,,2026-09-13T02:25:35.301494+00:00,http 404
greenhouse,chaione,cdx:job-boards.greenhouse.io:c,2026-09-13T01:58:11.356338+00:00,reject_dead,0,,,2026-09-13T02:25:36.591217+00:00,http 404
greenhouse,chalkinc,cdx:job-boards.greenhouse.io:c,2026-09-13T01:58:11.356346+00:00,reject_dead,0,,,2026-09-13T02:25:38.114624+00:00,http 404
greenhouse,chameleonconsultinggroup,cdx:job-boards.greenhouse.io:c,2026-09-13T01:58:11.356627+00:00,reject_dead,0,,,2026-09-13T02:25:39.115846+00:00,board live but zero open jobs
greenhouse,champion,cdx:job-boards.greenhouse.io:c,2026-09-13T01:58:11.356640+00:00,reject_dead,0,,,2026-09-13T02:25:40.109135+00:00,board live but zero open jobs
greenhouse,championasp,cdx:job-boards.greenhouse.io:c,2026-09-13T01:58:11.356648+00:00,reject_too_few,1,,,2026-09-13T02:25:41.120451+00:00,1 < 8
greenhouse,championhq,cdx:job-boards.greenhouse.io:c,2026-09-13T01:58:11.356655+00:00,reject_too_few,1,,,2026-09-13T02:25:42.128320+00:00,1 < 8
greenhouse,championsclubtexas,cdx:job-boards.greenhouse.io:c,2026-09-13T01:58:11.356667+00:00,reject_no_domain,14,Champions Club Texas,,2026-09-13T02:25:45.586661+00:00,no domain on this page; no domain on this page
greenhouse,championsgroupholdings,cdx:job-boards.greenhouse.io:c,2026-09-13T01:58:11.356675+00:00,added,10,Champions Group Holdings,championsgroupholdings.com,2026-09-13T02:25:48.102902+00:00,domain from page links (name match)
greenhouse,changedotorgsourcing,cdx:job-boards.greenhouse.io:c,2026-09-13T01:58:11.356733+00:00,reject_dead,0,,,2026-09-13T02:25:48.786600+00:00,http 404
greenhouse,changethenypd,cdx:job-boards.greenhouse.io:c,2026-09-13T01:58:11.356931+00:00,reject_too_few,1,,,2026-09-13T02:25:49.975095+00:00,1 < 8
greenhouse,chanzuckerbergbiohub,cdx:job-boards.greenhouse.io:c,2026-09-13T01:58:11.356953+00:00,reject_dead,0,,,2026-09-13T02:25:51.791594+00:00,http 404
greenhouse,chanzuckerbergbiohubny,cdx:job-boards.greenhouse.io:c,2026-09-13T01:58:11.357137+00:00,reject_dead,0,,,2026-09-13T02:25:52.792585+00:00,http 404
greenhouse,chaosindustries,cdx:job-boards.greenhouse.io:c,2026-09-13T01:58:11.357870+00:00,reject_no_domain,144,CHAOS Industries,,2026-09-13T02:25:56.088943+00:00,no domain on this page; no domain on this page
greenhouse,chaparralmedicalgroup,cdx:job-boards.greenhouse.io:c,2026-09-13T01:58:11.359880+00:00,reject_too_few,5,,,2026-09-13T02:25:56.939230+00:00,5 < 8
greenhouse,chapter,cdx:job-boards.greenhouse.io:c,2026-09-13T01:58:11.360067+00:00,reject_dead,0,,,2026-09-13T02:26:06.305533+00:00,http 404
greenhouse,chariotdefense,cdx:job-boards.greenhouse.io:c,2026-09-13T01:58:11.360095+00:00,reject_no_domain,9,Chariot Defense,,2026-09-13T02:26:14.396284+00:00,no domain on this page; no domain on this page
greenhouse,chariotenergy,cdx:job-boards.greenhouse.io:c,2026-09-13T01:58:11.360225+00:00,reject_too_few,3,,,2026-09-13T02:26:15.441374+00:00,3 < 8
greenhouse,charlesandlynnschustermanfamilyphilanthropies,cdx:job-boards.greenhouse.io:c,2026-09-13T01:58:11.360235+00:00,reject_dead,0,,,2026-09-13T02:26:16.437696+00:00,board live but zero open jobs
greenhouse,charley,cdx:job-boards.greenhouse.io:c,2026-09-13T01:58:11.361081+00:00,reject_dead,0,,,2026-09-13T02:26:17.422668+00:00,board live but zero open jobs
greenhouse,charliehealthinternalcandidates,cdx:job-boards.greenhouse.io:c,2026-09-13T01:58:11.361090+00:00,reject_too_few,1,,,2026-09-13T02:26:18.786087+00:00,1 < 8
greenhouse,charnetwork,cdx:job-boards.greenhouse.io:c,2026-09-13T01:58:11.361116+00:00,reject_too_few,2,,,2026-09-13T02:26:20.233728+00:00,2 < 8
greenhouse,chartbeatinc,cdx:job-boards.greenhouse.io:c,2026-09-13T01:58:11.361137+00:00,reject_no_domain,13,"Chartbeat, Inc.",,2026-09-13T02:26:23.325748+00:00,no domain on this page; no domain on this page
greenhouse,charterschoolgrowthfund,cdx:job-boards.greenhouse.io:c,2026-09-13T01:58:11.361295+00:00,reject_too_few,3,,,2026-09-13T02:26:24.207235+00:00,3 < 8
greenhouse,charterts,cdx:job-boards.greenhouse.io:c,2026-09-13T01:58:11.361303+00:00,reject_too_few,2,,,2026-09-13T02:26:25.207470+00:00,2 < 8
greenhouse,charterup,cdx:job-boards.greenhouse.io:c,2026-09-13T01:58:11.361315+00:00,added,14,CharterUP,charterup.com,2026-09-13T02:26:27.755078+00:00,domain from page links (name match)
greenhouse,chattermill,cdx:job-boards.greenhouse.io:c,2026-09-13T01:58:11.361921+00:00,reject_dead,0,,,2026-09-13T02:26:28.314834+00:00,http 404
greenhouse,chb,cdx:job-boards.greenhouse.io:c,2026-09-13T01:58:11.361949+00:00,reject_too_few,1,,,2026-09-13T02:26:30.018966+00:00,1 < 8
greenhouse,chbristow,cdx:job-boards.greenhouse.io:c,2026-09-13T01:58:11.361968+00:00,reject_too_few,1,,,2026-09-13T02:26:30.990598+00:00,1 < 8
greenhouse,chcentreville,cdx:job-boards.greenhouse.io:c,2026-09-13T01:58:11.361982+00:00,reject_too_few,4,,,2026-09-13T02:26:32.000522+00:00,4 < 8
greenhouse,chclarendon,cdx:job-boards.greenhouse.io:c,2026-09-13T01:58:11.361990+00:00,reject_too_few,6,,,2026-09-13T02:26:33.566445+00:00,6 < 8
greenhouse,checkalt,cdx:job-boards.greenhouse.io:c,2026-09-13T01:58:11.362432+00:00,new,,,,,
greenhouse,checkbook,cdx:job-boards.greenhouse.io:c,2026-09-13T01:58:11.362455+00:00,new,,,,,
greenhouse,checkr,cdx:job-boards.greenhouse.io:c,2026-09-13T01:58:11.362537+00:00,new,,,,,
greenhouse,cheddar,cdx:job-boards.greenhouse.io:c,2026-09-13T01:58:11.366577+00:00,new,,,,,
greenhouse,chefman,cdx:job-boards.greenhouse.io:c,2026-09-13T01:58:11.366614+00:00,new,,,,,
greenhouse,chenmoore,cdx:job-boards.greenhouse.io:c,2026-09-13T01:58:11.366693+00:00,new,,,,,
greenhouse,cheopsdutch,cdx:job-boards.greenhouse.io:c,2026-09-13T01:58:11.367432+00:00,new,,,,,
greenhouse,cherry,cdx:job-boards.greenhouse.io:c,2026-09-13T01:58:11.367443+00:00,new,,,,,
greenhouse,cherryventures,cdx:job-boards.greenhouse.io:c,2026-09-13T01:58:11.367486+00:00,new,,,,,
greenhouse,chess-at-three-sg,cdx:job-boards.greenhouse.io:c,2026-09-13T01:58:11.367494+00:00,new,,,,,
greenhouse,chessielanevet,cdx:job-boards.greenhouse.io:c,2026-09-13T01:58:11.367649+00:00,new,,,,,
greenhouse,chestercommunitycharterschool,cdx:job-boards.greenhouse.io:c,2026-09-13T01:58:11.367673+00:00,new,,,,,
greenhouse,chicagotrading,cdx:job-boards.greenhouse.io:c,2026-09-13T01:58:11.367961+00:00,new,,,,,
greenhouse,chicagotradingcampus,cdx:job-boards.greenhouse.io:c,2026-09-13T01:58:11.368068+00:00,new,,,,,
greenhouse,chicagotradingcampushiring,cdx:job-boards.greenhouse.io:c,2026-09-13T01:58:11.368202+00:00,new,,,,,
greenhouse,chicagotradingreferral,cdx:job-boards.greenhouse.io:c,2026-09-13T01:58:11.368210+00:00,new,,,,,
greenhouse,chicory,cdx:job-boards.greenhouse.io:c,2026-09-13T01:58:11.368246+00:00,new,,,,,
greenhouse,childandfamily,cdx:job-boards.greenhouse.io:c,2026-09-13T01:58:11.368275+00:00,new,,,,,
greenhouse,childrenscorner,cdx:job-boards.greenhouse.io:c,2026-09-13T01:58:11.368296+00:00,new,,,,,
greenhouse,childrensworld,cdx:job-boards.greenhouse.io:c,2026-09-13T01:58:11.368304+00:00,new,,,,,
greenhouse,chile,cdx:job-boards.greenhouse.io:c,2026-09-13T01:58:11.368317+00:00,new,,,,,
greenhouse,chipcity,cdx:job-boards.greenhouse.io:c,2026-09-13T01:58:11.370281+00:00,new,,,,,
greenhouse,chmerrifield,cdx:job-boards.greenhouse.io:c,2026-09-13T01:58:11.370647+00:00,new,,,,,
greenhouse,choosebettercare,cdx:job-boards.greenhouse.io:c,2026-09-13T01:58:11.370872+00:00,new,,,,,
greenhouse,choosekeen,cdx:job-boards.greenhouse.io:c,2026-09-13T01:58:11.370979+00:00,new,,,,,
greenhouse,choreo,cdx:job-boards.greenhouse.io:c,2026-09-13T01:58:11.370987+00:00,new,,,,,
greenhouse,chorusinnovations,cdx:job-boards.greenhouse.io:c,2026-09-13T01:58:11.371030+00:00,new,,,,,
greenhouse,chowbus,cdx:job-boards.greenhouse.io:c,2026-09-13T01:58:11.371133+00:00,new,,,,,
greenhouse,christfellowship,cdx:job-boards.greenhouse.io:c,2026-09-13T01:58:11.371914+00:00,new,,,,,
greenhouse,chromamedicine,cdx:job-boards.greenhouse.io:c,2026-09-13T01:58:11.372245+00:00,new,,,,,
greenhouse,chrysalis,cdx:job-boards.greenhouse.io:c,2026-09-13T01:58:11.372293+00:00,new,,,,,
greenhouse,churchill,cdx:job-boards.greenhouse.io:c,2026-09-13T01:58:11.372307+00:00,new,,,,,
greenhouse,ciazumano,cdx:job-boards.greenhouse.io:c,2026-09-13T01:58:11.372325+00:00,new,,,,,
greenhouse,ciberspringllc,cdx:job-boards.greenhouse.io:c,2026-09-13T01:58:11.372338+00:00,new,,,,,
greenhouse,cie,cdx:job-boards.greenhouse.io:c,2026-09-13T01:58:11.372362+00:00,new,,,,,
greenhouse,cipherhealth,cdx:job-boards.greenhouse.io:c,2026-09-13T01:58:11.372425+00:00,new,,,,,
greenhouse,cipherminingtechnologiesinc,cdx:job-boards.greenhouse.io:c,2026-09-13T01:58:11.372448+00:00,new,,,,,
greenhouse,cippc,cdx:job-boards.greenhouse.io:c,2026-09-13T01:58:11.372456+00:00,new,,,,,
greenhouse,ciq,cdx:job-boards.greenhouse.io:c,2026-09-13T01:58:11.372494+00:00,new,,,,,
greenhouse,circ,cdx:job-boards.greenhouse.io:c,2026-09-13T01:58:11.372595+00:00,new,,,,,
greenhouse,circleso,cdx:job-boards.greenhouse.io:c,2026-09-13T01:58:11.372609+00:00,new,,,,,
greenhouse,cision,cdx:job-boards.greenhouse.io:c,2026-09-13T01:58:11.373473+00:00,new,,,,,
greenhouse,citian,cdx:job-boards.greenhouse.io:c,2026-09-13T01:58:11.373547+00:00,new,,,,,
greenhouse,citizen,cdx:job-boards.greenhouse.io:c,2026-09-13T01:58:11.373605+00:00,new,,,,,
greenhouse,citystoragesystems,cdx:job-boards.greenhouse.io:c,2026-09-13T01:58:11.379896+00:00,new,,,,,
greenhouse,citytherapeutics,cdx:job-boards.greenhouse.io:c,2026-09-13T01:58:11.380161+00:00,new,,,,,
greenhouse,civilscience,cdx:job-boards.greenhouse.io:c,2026-09-13T01:58:11.380213+00:00,new,,,,,
greenhouse,civisanalytics,cdx:job-boards.greenhouse.io:c,2026-09-13T01:58:11.380248+00:00,new,,,,,
greenhouse,civitaslearning,cdx:job-boards.greenhouse.io:c,2026-09-13T01:58:11.380334+00:00,new,,,,,
greenhouse,clara,cdx:job-boards.greenhouse.io:c,2026-09-13T01:58:11.380513+00:00,new,,,,,
greenhouse,,cdx:job-boards.greenhouse.io:c,2026-09-13T01:58:11.382305+00:00,shard_marker,,,,,
greenhouse,e2openllc,cdx:job-boards.greenhouse.io:e,2026-09-13T01:58:55.525139+00:00,new,,,,,
greenhouse,eaf,cdx:job-boards.greenhouse.io:e,2026-09-13T01:58:55.525289+00:00,new,,,,,
greenhouse,eaglebusinesscredit,cdx:job-boards.greenhouse.io:e,2026-09-13T01:58:55.525326+00:00,new,,,,,
greenhouse,eamesinstitute,cdx:job-boards.greenhouse.io:e,2026-09-13T01:58:55.525342+00:00,new,,,,,
greenhouse,earlycareerprograms,cdx:job-boards.greenhouse.io:e,2026-09-13T01:58:55.525459+00:00,new,,,,,
greenhouse,earlycareers,cdx:job-boards.greenhouse.io:e,2026-09-13T01:58:55.525479+00:00,new,,,,,
greenhouse,earlymedical,cdx:job-boards.greenhouse.io:e,2026-09-13T01:58:55.525493+00:00,new,,,,,
greenhouse,earlytalentcerebras,cdx:job-boards.greenhouse.io:e,2026-09-13T01:58:55.525521+00:00,new,,,,,
greenhouse,earnest,cdx:job-boards.greenhouse.io:e,2026-09-13T01:58:55.525590+00:00,new,,,,,
greenhouse,earnin,cdx:job-boards.greenhouse.io:e,2026-09-13T01:58:55.525719+00:00,new,,,,,
greenhouse,earthbreeze,cdx:job-boards.greenhouse.io:e,2026-09-13T01:58:55.527988+00:00,new,,,,,
greenhouse,eastharlemtutorialprogram,cdx:job-boards.greenhouse.io:e,2026-09-13T01:58:55.527999+00:00,new,,,,,
greenhouse,eastlandpreparatoryacademy,cdx:job-boards.greenhouse.io:e,2026-09-13T01:58:55.528180+00:00,new,,,,,
greenhouse,eastridgeacademy,cdx:job-boards.greenhouse.io:e,2026-09-13T01:58:55.528219+00:00,new,,,,,
greenhouse,eastsidedermatology,cdx:job-boards.greenhouse.io:e,2026-09-13T01:58:55.528227+00:00,new,,,,,
greenhouse,easygo,cdx:job-boards.greenhouse.io:e,2026-09-13T01:58:55.528241+00:00,new,,,,,
greenhouse,easyship,cdx:job-boards.greenhouse.io:e,2026-09-13T01:58:55.532680+00:00,new,,,,,
greenhouse,eatgron,cdx:job-boards.greenhouse.io:e,2026-09-13T01:58:55.532823+00:00,new,,,,,
greenhouse,eatjust,cdx:job-boards.greenhouse.io:e,2026-09-13T01:58:55.532898+00:00,new,,,,,
greenhouse,eatjustprotein,cdx:job-boards.greenhouse.io:e,2026-09-13T01:58:55.532933+00:00,new,,,,,
greenhouse,ebanx,cdx:job-boards.greenhouse.io:e,2026-09-13T01:58:55.532947+00:00,new,,,,,
greenhouse,ebury,cdx:job-boards.greenhouse.io:e,2026-09-13T01:58:55.534067+00:00,new,,,,,
greenhouse,eccintegrator,cdx:job-boards.greenhouse.io:e,2026-09-13T01:58:55.534213+00:00,new,,,,,
greenhouse,echoai,cdx:job-boards.greenhouse.io:e,2026-09-13T01:58:55.534280+00:00,new,,,,,
greenhouse,echodynecorp,cdx:job-boards.greenhouse.io:e,2026-09-13T01:58:55.534288+00:00,new,,,,,
greenhouse,echodyneinternships,cdx:job-boards.greenhouse.io:e,2026-09-13T01:58:55.535129+00:00,new,,,,,
greenhouse,echtracareers,cdx:job-boards.greenhouse.io:e,2026-09-13T01:58:55.535138+00:00,new,,,,,
greenhouse,eclinicalsolutions,cdx:job-boards.greenhouse.io:e,2026-09-13T01:58:55.535146+00:00,new,,,,,
greenhouse,eclipse,cdx:job-boards.greenhouse.io:e,2026-09-13T01:58:55.535600+00:00,new,,,,,
greenhouse,eclipsetrading,cdx:job-boards.greenhouse.io:e,2026-09-13T01:58:55.535720+00:00,new,,,,,
greenhouse,eclipsyssolutions,cdx:job-boards.greenhouse.io:e,2026-09-13T01:58:55.535835+00:00,new,,,,,
greenhouse,ecoatmgazelle,cdx:job-boards.greenhouse.io:e,2026-09-13T01:58:55.535864+00:00,new,,,,,
greenhouse,ecobeeeb,cdx:job-boards.greenhouse.io:e,2026-09-13T01:58:55.536075+00:00,new,,,,,
greenhouse,ecoinc,cdx:job-boards.greenhouse.io:e,2026-09-13T01:58:55.536105+00:00,new,,,,,
greenhouse,ecosio,cdx:job-boards.greenhouse.io:e,2026-09-13T01:58:55.536228+00:00,new,,,,,
greenhouse,ecoworks,cdx:job-boards.greenhouse.io:e,2026-09-13T01:58:55.536260+00:00,new,,,,,
greenhouse,ede,cdx:job-boards.greenhouse.io:e,2026-09-13T01:58:55.536296+00:00,new,,,,,
greenhouse,edelmanfinancialenginesllc,cdx:job-boards.greenhouse.io:e,2026-09-13T01:58:55.536305+00:00,new,,,,,
greenhouse,edgeandnode,cdx:job-boards.greenhouse.io:e,2026-09-13T01:58:55.536330+00:00,new,,,,,
greenhouse,edged_global,cdx:job-boards.greenhouse.io:e,2026-09-13T01:58:55.536394+00:00,new,,,,,
greenhouse,edgeengineeringandscience,cdx:job-boards.greenhouse.io:e,2026-09-13T01:58:55.536403+00:00,new,,,,,
greenhouse,edgewoodpartnersinsurancecenter,cdx:job-boards.greenhouse.io:e,2026-09-13T01:58:55.536467+00:00,new,,,,,
greenhouse,edisonscientific,cdx:job-boards.greenhouse.io:e,2026-09-13T01:58:55.537520+00:00,new,,,,,
greenhouse,editorbootcamp,cdx:job-boards.greenhouse.io:e,2026-09-13T01:58:55.537617+00:00,new,,,,,
greenhouse,edmentum,cdx:job-boards.greenhouse.io:e,2026-09-13T01:58:55.537626+00:00,new,,,,,
greenhouse,edo,cdx:job-boards.greenhouse.io:e,2026-09-13T01:58:55.538031+00:00,new,,,,,
greenhouse,edobestsandbox,cdx:job-boards.greenhouse.io:e,2026-09-13T01:58:55.538151+00:00,new,,,,,
greenhouse,edreports,cdx:job-boards.greenhouse.io:e,2026-09-13T01:58:55.538166+00:00,new,,,,,
greenhouse,educare,cdx:job-boards.greenhouse.io:e,2026-09-13T01:58:55.538209+00:00,new,,,,,
greenhouse,educate,cdx:job-boards.greenhouse.io:e,2026-09-13T01:58:55.538448+00:00,new,,,,,
greenhouse,education,cdx:job-boards.greenhouse.io:e,2026-09-13T01:58:55.538797+00:00,new,,,,,
greenhouse,edxbootcamps,cdx:job-boards.greenhouse.io:e,2026-09-13T01:58:55.538880+00:00,new,,,,,
greenhouse,ee,cdx:job-boards.greenhouse.io:e,2026-09-13T01:58:55.538895+00:00,new,,,,,
greenhouse,eei,cdx:job-boards.greenhouse.io:e,2026-09-13T01:58:55.538909+00:00,new,,,,,
greenhouse,effectiveschoolsolutions,cdx:job-boards.greenhouse.io:e,2026-09-13T01:58:55.538918+00:00,new,,,,,
greenhouse,effectual,cdx:job-boards.greenhouse.io:e,2026-09-13T01:58:55.539563+00:00,new,,,,,
greenhouse,efficientcomputer,cdx:job-boards.greenhouse.io:e,2026-09-13T01:58:55.539855+00:00,new,,,,,
greenhouse,egahvets,cdx:job-boards.greenhouse.io:e,2026-09-13T01:58:55.540058+00:00,new,,,,,
greenhouse,egineering,cdx:job-boards.greenhouse.io:e,2026-09-13T01:58:55.540091+00:00,new,,,,,
greenhouse,eginterns,cdx:job-boards.greenhouse.io:e,2026-09-13T01:58:55.540104+00:00,new,,,,,
greenhouse,eharmony,cdx:job-boards.greenhouse.io:e,2026-09-13T01:58:55.540113+00:00,new,,,,,
greenhouse,eigenlabs,cdx:job-boards.greenhouse.io:e,2026-09-13T01:58:55.540121+00:00,new,,,,,
greenhouse,eiger,cdx:job-boards.greenhouse.io:e,2026-09-13T01:58:55.540285+00:00,new,,,,,
greenhouse,eigerjobs,cdx:job-boards.greenhouse.io:e,2026-09-13T01:58:55.540300+00:00,new,,,,,
greenhouse,eikontherapeutics,cdx:job-boards.greenhouse.io:e,2026-09-13T01:58:55.540308+00:00,new,,,,,
greenhouse,ekaterrateausamsollc,cdx:job-boards.greenhouse.io:e,2026-09-13T01:58:55.540981+00:00,new,,,,,
greenhouse,eknengineering,cdx:job-boards.greenhouse.io:e,2026-09-13T01:58:55.541011+00:00,new,,,,,
greenhouse,eko,cdx:job-boards.greenhouse.io:e,2026-09-13T01:58:55.541072+00:00,new,,,,,
greenhouse,ekoexcelsandbox,cdx:job-boards.greenhouse.io:e,2026-09-13T01:58:55.541589+00:00,new,,,,,
greenhouse,eldersburgveterinaryhospital,cdx:job-boards.greenhouse.io:e,2026-09-13T01:58:55.541599+00:00,new,,,,,
greenhouse,eleanorhealth,cdx:job-boards.greenhouse.io:e,2026-09-13T01:58:55.541606+00:00,new,,,,,
greenhouse,electrasteel,cdx:job-boards.greenhouse.io:e,2026-09-13T01:58:55.541720+00:00,new,,,,,
greenhouse,electrosoft,cdx:job-boards.greenhouse.io:e,2026-09-13T01:58:55.542368+00:00,new,,,,,
greenhouse,elementalimpact,cdx:job-boards.greenhouse.io:e,2026-09-13T01:58:55.542383+00:00,new,,,,,
greenhouse,elementbiosciences,cdx:job-boards.greenhouse.io:e,2026-09-13T01:58:55.542413+00:00,new,,,,,
greenhouse,elementcritical,cdx:job-boards.greenhouse.io:e,2026-09-13T01:58:55.542882+00:00,new,,,,,
greenhouse,elend,cdx:job-boards.greenhouse.io:e,2026-09-13T01:58:55.542907+00:00,new,,,,,
greenhouse,eleo,cdx:job-boards.greenhouse.io:e,2026-09-13T01:58:55.543024+00:00,new,,,,,
greenhouse,eleoshealth,cdx:job-boards.greenhouse.io:e,2026-09-13T01:58:55.543033+00:00,new,,,,,
greenhouse,elephantcareers,cdx:job-boards.greenhouse.io:e,2026-09-13T01:58:55.543261+00:00,new,,,,,
greenhouse,elephantenergy,cdx:job-boards.greenhouse.io:e,2026-09-13T01:58:55.543270+00:00,new,,,,,
greenhouse,elevationscreditunion,cdx:job-boards.greenhouse.io:e,2026-09-13T01:58:55.543510+00:00,new,,,,,
greenhouse,eleventhhourgames,cdx:job-boards.greenhouse.io:e,2026-09-13T01:58:55.543569+00:00,new,,,,,
greenhouse,eleviassociates,cdx:job-boards.greenhouse.io:e,2026-09-13T01:58:55.543687+00:00,new,,,,,
greenhouse,eliotcommunityhumanservices,cdx:job-boards.greenhouse.io:e,2026-09-13T01:58:55.543988+00:00,new,,,,,
greenhouse,elitedentalpartnersllc,cdx:job-boards.greenhouse.io:e,2026-09-13T01:58:55.544850+00:00,new,,,,,
greenhouse,elitetechnology,cdx:job-boards.greenhouse.io:e,2026-09-13T01:58:55.546073+00:00,new,,,,,
greenhouse,elliginthealth,cdx:job-boards.greenhouse.io:e,2026-09-13T01:58:55.546718+00:00,new,,,,,
greenhouse,elly,cdx:job-boards.greenhouse.io:e,2026-09-13T01:58:55.546825+00:00,new,,,,,
greenhouse,elsevier,cdx:job-boards.greenhouse.io:e,2026-09-13T01:58:55.546839+00:00,new,,,,,
greenhouse,eltropyinc,cdx:job-boards.greenhouse.io:e,2026-09-13T01:58:55.546852+00:00,new,,,,,
greenhouse,elvahgmbh,cdx:job-boards.greenhouse.io:e,2026-09-13T01:58:55.546864+00:00,new,,,,,
greenhouse,elwoodtechnologies,cdx:job-boards.greenhouse.io:e,2026-09-13T01:58:55.546872+00:00,new,,,,,
greenhouse,emarketer,cdx:job-boards.greenhouse.io:e,2026-09-13T01:58:55.547032+00:00,new,,,,,
greenhouse,emberhealth,cdx:job-boards.greenhouse.io:e,2026-09-13T01:58:55.626793+00:00,new,,,,,
greenhouse,embrace,cdx:job-boards.greenhouse.io:e,2026-09-13T01:58:55.626815+00:00,new,,,,,
greenhouse,embraceourworldortho,cdx:job-boards.greenhouse.io:e,2026-09-13T01:58:55.627004+00:00,new,,,,,
greenhouse,embroker,cdx:job-boards.greenhouse.io:e,2026-09-13T01:58:55.627014+00:00,new,,,,,
greenhouse,emendata,cdx:job-boards.greenhouse.io:e,2026-09-13T01:58:55.627061+00:00,new,,,,,
greenhouse,emergentlabsinc,cdx:job-boards.greenhouse.io:e,2026-09-13T01:58:55.627069+00:00,new,,,,,
greenhouse,,cdx:job-boards.greenhouse.io:e,2026-09-13T01:58:55.627171+00:00,shard_marker,,,,,
greenhouse,n2y,cdx:boards.greenhouse.io:n,2026-09-13T01:59:04.096498+00:00,new,,,,,
greenhouse,nansen,cdx:boards.greenhouse.io:n,2026-09-13T01:59:04.096588+00:00,new,,,,,
greenhouse,nationalallianceforpubliccharterschools,cdx:boards.greenhouse.io:n,2026-09-13T01:59:04.097224+00:00,new,,,,,
greenhouse,nationbuilder,cdx:boards.greenhouse.io:n,2026-09-13T01:59:04.097298+00:00,new,,,,,
greenhouse,navigationfund,cdx:boards.greenhouse.io:n,2026-09-13T01:59:04.097557+00:00,new,,,,,
greenhouse,ncx,cdx:boards.greenhouse.io:n,2026-09-13T01:59:04.097595+00:00,new,,,,,
greenhouse,nearform,cdx:boards.greenhouse.io:n,2026-09-13T01:59:04.097660+00:00,new,,,,,
greenhouse,nearspacelabs,cdx:boards.greenhouse.io:n,2026-09-13T01:59:04.097937+00:00,new,,,,,
greenhouse,nearsure,cdx:boards.greenhouse.io:n,2026-09-13T01:59:04.098067+00:00,new,,,,,
greenhouse,neoris,cdx:boards.greenhouse.io:n,2026-09-13T01:59:04.098471+00:00,new,,,,,
greenhouse,netbrain,cdx:boards.greenhouse.io:n,2026-09-13T01:59:04.099101+00:00,new,,,,,
greenhouse,netlify,cdx:boards.greenhouse.io:n,2026-09-13T01:59:04.099162+00:00,new,,,,,
greenhouse,neurahealth,cdx:boards.greenhouse.io:n,2026-09-13T01:59:04.099627+00:00,new,,,,,
greenhouse,neuralink,cdx:boards.greenhouse.io:n,2026-09-13T01:59:04.099745+00:00,new,,,,,
greenhouse,neuroblade,cdx:boards.greenhouse.io:n,2026-09-13T01:59:04.100408+00:00,new,,,,,
greenhouse,newsela,cdx:boards.greenhouse.io:n,2026-09-13T01:59:04.100447+00:00,new,,,,,
greenhouse,nexhealth,cdx:boards.greenhouse.io:n,2026-09-13T01:59:04.100806+00:00,new,,,,,
greenhouse,nexxen,cdx:boards.greenhouse.io:n,2026-09-13T01:59:04.100844+00:00,new,,,,,
greenhouse,ngcash,cdx:boards.greenhouse.io:n,2026-09-13T01:59:04.102156+00:00,new,,,,,
greenhouse,nielenschuman,cdx:boards.greenhouse.io:n,2026-09-13T01:59:04.102212+00:00,new,,,,,
greenhouse,nimbus,cdx:boards.greenhouse.io:n,2026-09-13T01:59:04.102271+00:00,new,,,,,
greenhouse,nisc,cdx:boards.greenhouse.io:n,2026-09-13T01:59:04.102376+00:00,new,,,,,
greenhouse,noahmedical,cdx:boards.greenhouse.io:n,2026-09-13T01:59:04.102820+00:00,new,,,,,
greenhouse,nocdinc,cdx:boards.greenhouse.io:n,2026-09-13T01:59:04.102951+00:00,new,,,,,
greenhouse,nomos,cdx:boards.greenhouse.io:n,2026-09-13T01:59:04.103890+00:00,new,,,,,
greenhouse,noorahealth,cdx:boards.greenhouse.io:n,2026-09-13T01:59:04.104117+00:00,new,,,,,
greenhouse,northedgedental,cdx:boards.greenhouse.io:n,2026-09-13T01:59:04.105140+00:00,new,,,,,
greenhouse,nothing,cdx:boards.greenhouse.io:n,2026-09-13T01:59:04.105257+00:00,new,,,,,
greenhouse,novo,cdx:boards.greenhouse.io:n,2026-09-13T01:59:04.106622+00:00,new,,,,,
greenhouse,noxgroup,cdx:boards.greenhouse.io:n,2026-09-13T01:59:04.107099+00:00,new,,,,,
greenhouse,nurix,cdx:boards.greenhouse.io:n,2026-09-13T01:59:04.107168+00:00,new,,,,,
greenhouse,nuvalent,cdx:boards.greenhouse.io:n,2026-09-13T01:59:04.108173+00:00,new,,,,,
greenhouse,nylas,cdx:boards.greenhouse.io:n,2026-09-13T01:59:04.108243+00:00,new,,,,,
greenhouse,,cdx:boards.greenhouse.io:n,2026-09-13T01:59:04.108347+00:00,shard_marker,,,,,
greenhouse,n2alljobs,cdx:job-boards.greenhouse.io:n,2026-09-13T01:59:18.433518+00:00,new,,,,,
greenhouse,n2co,cdx:job-boards.greenhouse.io:n,2026-09-13T01:59:18.434885+00:00,new,,,,,
greenhouse,n2cointernal,cdx:job-boards.greenhouse.io:n,2026-09-13T01:59:18.435246+00:00,new,,,,,
greenhouse,n2company,cdx:job-boards.greenhouse.io:n,2026-09-13T01:59:18.435310+00:00,new,,,,,
greenhouse,n2homeoffice,cdx:job-boards.greenhouse.io:n,2026-09-13T01:59:18.435351+00:00,new,,,,,
greenhouse,n2publishingglassdoor,cdx:job-boards.greenhouse.io:n,2026-09-13T01:59:18.435408+00:00,new,,,,,
greenhouse,n2websites,cdx:job-boards.greenhouse.io:n,2026-09-13T01:59:18.440307+00:00,new,,,,,
greenhouse,nabis,cdx:job-boards.greenhouse.io:n,2026-09-13T01:59:18.440355+00:00,new,,,,,
greenhouse,nacinternational,cdx:job-boards.greenhouse.io:n,2026-09-13T01:59:18.442171+00:00,new,,,,,
greenhouse,nadiacare,cdx:job-boards.greenhouse.io:n,2026-09-13T01:59:18.442266+00:00,new,,,,,
greenhouse,nakedfarmer,cdx:job-boards.greenhouse.io:n,2026-09-13T01:59:18.442412+00:00,new,,,,,
greenhouse,nametag,cdx:job-boards.greenhouse.io:n,2026-09-13T01:59:18.443272+00:00,new,,,,,
greenhouse,nanit,cdx:job-boards.greenhouse.io:n,2026-09-13T01:59:18.443468+00:00,new,,,,,
greenhouse,nanonets,cdx:job-boards.greenhouse.io:n,2026-09-13T01:59:18.443577+00:00,new,,,,,
greenhouse,nanopathinc,cdx:job-boards.greenhouse.io:n,2026-09-13T01:59:18.444513+00:00,new,,,,,
greenhouse,napratica,cdx:job-boards.greenhouse.io:n,2026-09-13T01:59:18.445418+00:00,new,,,,,
greenhouse,napster,cdx:job-boards.greenhouse.io:n,2026-09-13T01:59:18.445488+00:00,new,,,,,
greenhouse,narvar,cdx:job-boards.greenhouse.io:n,2026-09-13T01:59:18.445502+00:00,new,,,,,
greenhouse,nascompany,cdx:job-boards.greenhouse.io:n,2026-09-13T01:59:18.448367+00:00,new,,,,,
greenhouse,nashvillezoo,cdx:job-boards.greenhouse.io:n,2026-09-13T01:59:18.448990+00:00,new,,,,,
greenhouse,nasstudios,cdx:job-boards.greenhouse.io:n,2026-09-13T01:59:18.449814+00:00,new,,,,,
greenhouse,natera,cdx:job-boards.greenhouse.io:n,2026-09-13T01:59:18.449867+00:00,new,,,,,
greenhouse,national,cdx:job-boards.greenhouse.io:n,2026-09-13T01:59:18.458791+00:00,new,,,,,
greenhouse,nationalbusinesscapital,cdx:job-boards.greenhouse.io:n,2026-09-13T01:59:18.458922+00:00,new,,,,,
greenhouse,nationaldbs,cdx:job-boards.greenhouse.io:n,2026-09-13T01:59:18.458955+00:00,new,,,,,
greenhouse,nationallifeinsurancecompany,cdx:job-boards.greenhouse.io:n,2026-09-13T01:59:18.458966+00:00,new,,,,,
greenhouse,nationallutheraninc,cdx:job-boards.greenhouse.io:n,2026-09-13T01:59:18.459009+00:00,new,,,,,
greenhouse,nationalpublicradioinc,cdx:job-boards.greenhouse.io:n,2026-09-13T01:59:18.459540+00:00,new,,,,,
greenhouse,nationwidevision,cdx:job-boards.greenhouse.io:n,2026-09-13T01:59:18.460980+00:00,new,,,,,
greenhouse,naturesbakery,cdx:job-boards.greenhouse.io:n,2026-09-13T01:59:18.461098+00:00,new,,,,,
greenhouse,naughtydog,cdx:job-boards.greenhouse.io:n,2026-09-13T01:59:18.462638+00:00,new,,,,,
greenhouse,navapbc,cdx:job-boards.greenhouse.io:n,2026-09-13T01:59:18.463153+00:00,new,,,,,
greenhouse,navervietnam,cdx:job-boards.greenhouse.io:n,2026-09-13T01:59:18.463362+00:00,new,,,,,
greenhouse,navierai,cdx:job-boards.greenhouse.io:n,2026-09-13T01:59:18.463622+00:00,new,,,,,
greenhouse,navierboat,cdx:job-boards.greenhouse.io:n,2026-09-13T01:59:18.463694+00:00,new,,,,,
greenhouse,navigatr,cdx:job-boards.greenhouse.io:n,2026-09-13T01:59:18.463755+00:00,new,,,,,
greenhouse,navigatrgroupinternal,cdx:job-boards.greenhouse.io:n,2026-09-13T01:59:18.463777+00:00,new,,,,,
greenhouse,navtechnologies,cdx:job-boards.greenhouse.io:n,2026-09-13T01:59:18.463824+00:00,new,,,,,
greenhouse,navvis,cdx:job-boards.greenhouse.io:n,2026-09-13T01:59:18.463866+00:00,new,,,,,
greenhouse,nazare,cdx:job-boards.greenhouse.io:n,2026-09-13T01:59:18.463875+00:00,new,,,,,
greenhouse,nc,cdx:job-boards.greenhouse.io:n,2026-09-13T01:59:18.463895+00:00,new,,,,,
greenhouse,ncamerica,cdx:job-boards.greenhouse.io:n,2026-09-13T01:59:18.463926+00:00,new,,,,,
greenhouse,nearfoundation,cdx:job-boards.greenhouse.io:n,2026-09-13T01:59:18.464700+00:00,new,,,,,
greenhouse,nearone,cdx:job-boards.greenhouse.io:n,2026-09-13T01:59:18.464861+00:00,new,,,,,
greenhouse,nebius,cdx:job-boards.greenhouse.io:n,2026-09-13T01:59:18.466334+00:00,new,,,,,
greenhouse,neda,cdx:job-boards.greenhouse.io:n,2026-09-13T01:59:18.466700+00:00,new,,,,,
greenhouse,neighborhoodscom,cdx:job-boards.greenhouse.io:n,2026-09-13T01:59:18.466761+00:00,new,,,,,
greenhouse,neighborsbank,cdx:job-boards.greenhouse.io:n,2026-09-13T01:59:18.466791+00:00,new,,,,,
greenhouse,neo4j,cdx:job-boards.greenhouse.io:n,2026-09-13T01:59:18.466811+00:00,new,,,,,
greenhouse,neocybernetica,cdx:job-boards.greenhouse.io:n,2026-09-13T01:59:18.467726+00:00,new,,,,,
greenhouse,neonaerospace,cdx:job-boards.greenhouse.io:n,2026-09-13T01:59:18.467776+00:00,new,,,,,
greenhouse,neondatabase,cdx:job-boards.greenhouse.io:n,2026-09-13T01:59:18.467881+00:00,new,,,,,
greenhouse,neonkoi,cdx:job-boards.greenhouse.io:n,2026-09-13T01:59:18.467896+00:00,new,,,,,
greenhouse,neptuneai,cdx:job-boards.greenhouse.io:n,2026-09-13T01:59:18.468165+00:00,new,,,,,
greenhouse,neptunebio,cdx:job-boards.greenhouse.io:n,2026-09-13T01:59:18.468195+00:00,new,,,,,
greenhouse,neptunemedical,cdx:job-boards.greenhouse.io:n,2026-09-13T01:59:18.468275+00:00,new,,,,,
greenhouse,nerdery,cdx:job-boards.greenhouse.io:n,2026-09-13T01:59:18.468575+00:00,new,,,,,
greenhouse,nerdy,cdx:job-boards.greenhouse.io:n,2026-09-13T01:59:18.468611+00:00,new,,,,,
greenhouse,nerostechnologies,cdx:job-boards.greenhouse.io:n,2026-09-13T01:59:18.469620+00:00,new,,,,,
greenhouse,netcracker,cdx:job-boards.greenhouse.io:n,2026-09-13T01:59:18.471034+00:00,new,,,,,
greenhouse,netcraft,cdx:job-boards.greenhouse.io:n,2026-09-13T01:59:18.471044+00:00,new,,,,,
greenhouse,netdocuments,cdx:job-boards.greenhouse.io:n,2026-09-13T01:59:18.471060+00:00,new,,,,,
greenhouse,neteasegames,cdx:job-boards.greenhouse.io:n,2026-09-13T01:59:18.471608+00:00,new,,,,,
greenhouse,nethermind,cdx:job-boards.greenhouse.io:n,2026-09-13T01:59:18.471996+00:00,new,,,,,
greenhouse,netlifyexplorecareers,cdx:job-boards.greenhouse.io:n,2026-09-13T01:59:18.472234+00:00,new,,,,,
greenhouse,netsage,cdx:job-boards.greenhouse.io:n,2026-09-13T01:59:18.472258+00:00,new,,,,,
greenhouse,networkfirms,cdx:job-boards.greenhouse.io:n,2026-09-13T01:59:18.472449+00:00,new,,,,,
greenhouse,networkoptix,cdx:job-boards.greenhouse.io:n,2026-09-13T01:59:18.472464+00:00,new,,,,,
greenhouse,neuehealth,cdx:job-boards.greenhouse.io:n,2026-09-13T01:59:18.472549+00:00,new,,,,,
greenhouse,neumora,cdx:job-boards.greenhouse.io:n,2026-09-13T01:59:18.472700+00:00,new,,,,,
greenhouse,neuraflash,cdx:job-boards.greenhouse.io:n,2026-09-13T01:59:18.472742+00:00,new,,,,,
greenhouse,neuro42,cdx:job-boards.greenhouse.io:n,2026-09-13T01:59:18.475597+00:00,new,,,,,
greenhouse,neuroflow,cdx:job-boards.greenhouse.io:n,2026-09-13T01:59:18.475624+00:00,new,,,,,
greenhouse,neuron,cdx:job-boards.greenhouse.io:n,2026-09-13T01:59:18.475837+00:00,new,,,,,
greenhouse,nevadatitleandpaydayloansinc,cdx:job-boards.greenhouse.io:n,2026-09-13T01:59:18.476017+00:00,new,,,,,
greenhouse,neverforgetgames,cdx:job-boards.greenhouse.io:n,2026-09-13T01:59:18.476071+00:00,new,,,,,
greenhouse,newarkacademy,cdx:job-boards.greenhouse.io:n,2026-09-13T01:59:18.476079+00:00,new,,,,,
greenhouse,newengeninc,cdx:job-boards.greenhouse.io:n,2026-09-13T01:59:18.476127+00:00,new,,,,,
greenhouse,neweratech,cdx:job-boards.greenhouse.io:n,2026-09-13T01:59:18.476277+00:00,new,,,,,
greenhouse,neweratechau,cdx:job-boards.greenhouse.io:n,2026-09-13T01:59:18.478618+00:00,new,,,,,
greenhouse,neweratechnology,cdx:job-boards.greenhouse.io:n,2026-09-13T01:59:18.478629+00:00,new,,,,,
greenhouse,neweratechnz,cdx:job-boards.greenhouse.io:n,2026-09-13T01:59:18.478679+00:00,new,,,,,
greenhouse,neweratechph,cdx:job-boards.greenhouse.io:n,2026-09-13T01:59:18.478771+00:00,new,,,,,
greenhouse,newfangled-studios,cdx:job-boards.greenhouse.io:n,2026-09-13T01:59:18.478780+00:00,new,,,,,
greenhouse,newglobesandbox,cdx:job-boards.greenhouse.io:n,2026-09-13T01:59:18.478793+00:00,new,,,,,
greenhouse,newhonorsociety,cdx:job-boards.greenhouse.io:n,2026-09-13T01:59:18.479633+00:00,new,,,,,
greenhouse,newlabcareers,cdx:job-boards.greenhouse.io:n,2026-09-13T01:59:18.479663+00:00,new,,,,,
greenhouse,newleafenergy,cdx:job-boards.greenhouse.io:n,2026-09-13T01:59:18.479812+00:00,new,,,,,
greenhouse,newlimit,cdx:job-boards.greenhouse.io:n,2026-09-13T01:59:18.480318+00:00,new,,,,,
greenhouse,newrelic,cdx:job-boards.greenhouse.io:n,2026-09-13T01:59:18.480619+00:00,new,,,,,
greenhouse,newsbreak,cdx:job-boards.greenhouse.io:n,2026-09-13T01:59:18.483580+00:00,new,,,,,
greenhouse,newsrevenuehub,cdx:job-boards.greenhouse.io:n,2026-09-13T01:59:18.485131+00:00,new,,,,,
greenhouse,newsweek,cdx:job-boards.greenhouse.io:n,2026-09-13T01:59:18.485182+00:00,new,,,,,
greenhouse,newtonresearch,cdx:job-boards.greenhouse.io:n,2026-09-13T01:59:18.485698+00:00,new,,,,,
greenhouse,nex,cdx:job-boards.greenhouse.io:n,2026-09-13T01:59:18.485778+00:00,new,,,,,
greenhouse,nexgencloud,cdx:job-boards.greenhouse.io:n,2026-09-13T01:59:18.486318+00:00,new,,,,,
greenhouse,nexightgroup,cdx:job-boards.greenhouse.io:n,2026-09-13T01:59:18.486431+00:00,new,,,,,
greenhouse,nexla,cdx:job-boards.greenhouse.io:n,2026-09-13T01:59:18.486458+00:00,new,,,,,
greenhouse,next47,cdx:job-boards.greenhouse.io:n,2026-09-13T01:59:18.486587+00:00,new,,,,,
greenhouse,nextdoorcampus,cdx:job-boards.greenhouse.io:n,2026-09-13T01:59:18.486601+00:00,new,,,,,
greenhouse,nextenergygroup,cdx:job-boards.greenhouse.io:n,2026-09-13T01:59:18.486616+00:00,new,,,,,
greenhouse,nextinsurance66,cdx:job-boards.greenhouse.io:n,2026-09-13T01:59:18.486639+00:00,new,,,,,
greenhouse,nextleaguellc,cdx:job-boards.greenhouse.io:n,2026-09-13T01:59:18.487169+00:00,new,,,,,
greenhouse,nextroll,cdx:job-boards.greenhouse.io:n,2026-09-13T01:59:18.487289+00:00,new,,,,,
greenhouse,nextrollinc,cdx:job-boards.greenhouse.io:n,2026-09-13T01:59:18.487516+00:00,new,,,,,
greenhouse,nextrollsales,cdx:job-boards.greenhouse.io:n,2026-09-13T01:59:18.487674+00:00,new,,,,,
greenhouse,nextstreet,cdx:job-boards.greenhouse.io:n,2026-09-13T01:59:18.487684+00:00,new,,,,,
greenhouse,nfl-france,cdx:job-boards.greenhouse.io:n,2026-09-13T01:59:18.488101+00:00,new,,,,,
greenhouse,nflcareers,cdx:job-boards.greenhouse.io:n,2026-09-13T01:59:18.488110+00:00,new,,,,,
greenhouse,nflprivateposting,cdx:job-boards.greenhouse.io:n,2026-09-13T01:59:18.490227+00:00,new,,,,,
greenhouse,nfx,cdx:job-boards.greenhouse.io:n,2026-09-13T01:59:18.490295+00:00,new,,,,,
greenhouse,ngrokinc,cdx:job-boards.greenhouse.io:n,2026-09-13T01:59:18.490405+00:00,new,,,,,
greenhouse,niantic,cdx:job-boards.greenhouse.io:n,2026-09-13T01:59:18.490633+00:00,new,,,,,
greenhouse,nice,cdx:job-boards.greenhouse.io:n,2026-09-13T01:59:18.491315+00:00,new,,,,,
greenhouse,nift,cdx:job-boards.greenhouse.io:n,2026-09-13T01:59:18.491619+00:00,new,,,,,
greenhouse,nightdivestudios,cdx:job-boards.greenhouse.io:n,2026-09-13T01:59:18.491868+00:00,new,,,,,
greenhouse,nightfall,cdx:job-boards.greenhouse.io:n,2026-09-13T01:59:18.491991+00:00,new,,,,,
greenhouse,nightingalecollege,cdx:job-boards.greenhouse.io:n,2026-09-13T01:59:18.492114+00:00,new,,,,,
greenhouse,nightingaleveterinarypartners,cdx:job-boards.greenhouse.io:n,2026-09-13T01:59:18.492587+00:00,new,,,,,
greenhouse,nilotherapeutics,cdx:job-boards.greenhouse.io:n,2026-09-13T01:59:18.492597+00:00,new,,,,,
greenhouse,nimblegravity,cdx:job-boards.greenhouse.io:n,2026-09-13T01:59:18.492670+00:00,new,,,,,
greenhouse,nimblerobotics,cdx:job-boards.greenhouse.io:n,2026-09-13T01:59:18.492785+00:00,new,,,,,
greenhouse,nimbustherapeutics,cdx:job-boards.greenhouse.io:n,2026-09-13T01:59:18.493077+00:00,new,,,,,
greenhouse,ninedotholdingsinc,cdx:job-boards.greenhouse.io:n,2026-09-13T01:59:18.493105+00:00,new,,,,,
greenhouse,ninesquaretherapeutics,cdx:job-boards.greenhouse.io:n,2026-09-13T01:59:18.493139+00:00,new,,,,,
greenhouse,ninjatrader,cdx:job-boards.greenhouse.io:n,2026-09-13T01:59:18.493148+00:00,new,,,,,
greenhouse,niraenergy,cdx:job-boards.greenhouse.io:n,2026-09-13T01:59:18.493627+00:00,new,,,,,
greenhouse,nirmata,cdx:job-boards.greenhouse.io:n,2026-09-13T01:59:18.493712+00:00,new,,,,,
greenhouse,nironmagnetics,cdx:job-boards.greenhouse.io:n,2026-09-13T01:59:18.493742+00:00,new,,,,,
greenhouse,nitricity,cdx:job-boards.greenhouse.io:n,2026-09-13T01:59:18.494223+00:00,new,,,,,
greenhouse,nivagenpharmaceuticals,cdx:job-boards.greenhouse.io:n,2026-09-13T01:59:18.494554+00:00,new,,,,,
greenhouse,nkartatherapeutics,cdx:job-boards.greenhouse.io:n,2026-09-13T01:59:18.494613+00:00,new,,,,,
greenhouse,nlcventures,cdx:job-boards.greenhouse.io:n,2026-09-13T01:59:18.494632+00:00,new,,,,,
greenhouse,nmcareers,cdx:job-boards.greenhouse.io:n,2026-09-13T01:59:18.494736+00:00,new,,,,,
greenhouse,nmi,cdx:job-boards.greenhouse.io:n,2026-09-13T01:59:18.494860+00:00,new,,,,,
greenhouse,noah,cdx:job-boards.greenhouse.io:n,2026-09-13T01:59:18.495441+00:00,new,,,,,
greenhouse,nobellfoods,cdx:job-boards.greenhouse.io:n,2026-09-13T01:59:18.495805+00:00,new,,,,,
greenhouse,noble,cdx:job-boards.greenhouse.io:n,2026-09-13T01:59:18.495819+00:00,new,,,,,
greenhouse,nobuhoteltoronto,cdx:job-boards.greenhouse.io:n,2026-09-13T01:59:18.495957+00:00,new,,,,,
greenhouse,noctrixhealth,cdx:job-boards.greenhouse.io:n,2026-09-13T01:59:18.496203+00:00,new,,,,,
greenhouse,noctuatechnology,cdx:job-boards.greenhouse.io:n,2026-09-13T01:59:18.496253+00:00,new,,,,,
greenhouse,nogginit,cdx:job-boards.greenhouse.io:n,2026-09-13T01:59:18.496262+00:00,new,,,,,
greenhouse,nohozephyrinc,cdx:job-boards.greenhouse.io:n,2026-09-13T01:59:18.496270+00:00,new,,,,,
greenhouse,nomadhealth,cdx:job-boards.greenhouse.io:n,2026-09-13T01:59:18.496806+00:00,new,,,,,
greenhouse,nomatherapy,cdx:job-boards.greenhouse.io:n,2026-09-13T01:59:18.496857+00:00,new,,,,,
greenhouse,nomina,cdx:job-boards.greenhouse.io:n,2026-09-13T01:59:18.496875+00:00,new,,,,,
greenhouse,nomiso,cdx:job-boards.greenhouse.io:n,2026-09-13T01:59:18.496883+00:00,new,,,,,
greenhouse,nomnom,cdx:job-boards.greenhouse.io:n,2026-09-13T01:59:18.497044+00:00,new,,,,,
greenhouse,nonantumveterinaryclinic,cdx:job-boards.greenhouse.io:n,2026-09-13T01:59:18.497090+00:00,new,,,,,
greenhouse,none098908,cdx:job-boards.greenhouse.io:n,2026-09-13T01:59:18.497102+00:00,new,,,,,
greenhouse,nonprofitfinancefund,cdx:job-boards.greenhouse.io:n,2026-09-13T01:59:18.497110+00:00,new,,,,,
greenhouse,nooks,cdx:job-boards.greenhouse.io:n,2026-09-13T01:59:18.497365+00:00,new,,,,,
greenhouse,noonenergy,cdx:job-boards.greenhouse.io:n,2026-09-13T01:59:18.497519+00:00,new,,,,,
greenhouse,noonlight,cdx:job-boards.greenhouse.io:n,2026-09-13T01:59:18.497538+00:00,new,,,,,
greenhouse,nordicnaturals,cdx:job-boards.greenhouse.io:n,2026-09-13T01:59:18.497567+00:00,new,,,,,
greenhouse,nortal,cdx:job-boards.greenhouse.io:n,2026-09-13T01:59:18.497576+00:00,new,,,,,
greenhouse,northbeam,cdx:job-boards.greenhouse.io:n,2026-09-13T01:59:18.497638+00:00,new,,,,,
greenhouse,northeastanimalclinic,cdx:job-boards.greenhouse.io:n,2026-09-13T01:59:18.498055+00:00,new,,,,,
greenhouse,northeastohiocollegepreparatoryschool,cdx:job-boards.greenhouse.io:n,2026-09-13T01:59:18.498070+00:00,new,,,,,
greenhouse,northern911,cdx:job-boards.greenhouse.io:n,2026-09-13T01:59:18.498265+00:00,new,,,,,
greenhouse,northmarq,cdx:job-boards.greenhouse.io:n,2026-09-13T01:59:18.498273+00:00,new,,,,,
greenhouse,northone,cdx:job-boards.greenhouse.io:n,2026-09-13T01:59:18.498936+00:00,new,,,,,
greenhouse,northpacificdermatology,cdx:job-boards.greenhouse.io:n,2026-09-13T01:59:18.499001+00:00,new,,,,,
greenhouse,northpointrecoveryholdingsllc,cdx:job-boards.greenhouse.io:n,2026-09-13T01:59:18.499009+00:00,new,,,,,
greenhouse,northpointtechnology,cdx:job-boards.greenhouse.io:n,2026-09-13T01:59:18.499510+00:00,new,,,,,
greenhouse,northside,cdx:job-boards.greenhouse.io:n,2026-09-13T01:59:18.500122+00:00,new,,,,,
greenhouse,northspyre,cdx:job-boards.greenhouse.io:n,2026-09-13T01:59:18.500137+00:00,new,,,,,
greenhouse,northstarfund,cdx:job-boards.greenhouse.io:n,2026-09-13T01:59:18.501484+00:00,new,,,,,
greenhouse,northwestadministratorsinc,cdx:job-boards.greenhouse.io:n,2026-09-13T01:59:18.501512+00:00,new,,,,,
greenhouse,notexternal,cdx:job-boards.greenhouse.io:n,2026-09-13T01:59:18.501556+00:00,new,,,,,
greenhouse,notion,cdx:job-boards.greenhouse.io:n,2026-09-13T01:59:18.501977+00:00,new,,,,,
greenhouse,nourishingredients,cdx:job-boards.greenhouse.io:n,2026-09-13T01:59:18.505758+00:00,new,,,,,
greenhouse,nousgroupreferrals,cdx:job-boards.greenhouse.io:n,2026-09-13T01:59:18.505786+00:00,new,,,,,
greenhouse,nova-cat-clinic,cdx:job-boards.greenhouse.io:n,2026-09-13T01:59:18.505800+00:00,new,,,,,
greenhouse,nova401,cdx:job-boards.greenhouse.io:n,2026-09-13T01:59:18.505809+00:00,new,,,,,
greenhouse,novacredit,cdx:job-boards.greenhouse.io:n,2026-09-13T01:59:18.506003+00:00,new,,,,,
greenhouse,novafounders,cdx:job-boards.greenhouse.io:n,2026-09-13T01:59:18.506310+00:00,new,,,,,
greenhouse,novagen,cdx:job-boards.greenhouse.io:n,2026-09-13T01:59:18.506356+00:00,new,,,,,
greenhouse,novalabs,cdx:job-boards.greenhouse.io:n,2026-09-13T01:59:18.506366+00:00,new,,,,,
greenhouse,novatize,cdx:job-boards.greenhouse.io:n,2026-09-13T01:59:18.506457+00:00,new,,,,,
greenhouse,novig,cdx:job-boards.greenhouse.io:n,2026-09-13T01:59:18.506544+00:00,new,,,,,
greenhouse,novoed,cdx:job-boards.greenhouse.io:n,2026-09-13T01:59:18.506839+00:00,new,,,,,
greenhouse,noyocareers,cdx:job-boards.greenhouse.io:n,2026-09-13T01:59:18.506934+00:00,new,,,,,
greenhouse,nozominetworks,cdx:job-boards.greenhouse.io:n,2026-09-13T01:59:18.507008+00:00,new,,,,,
greenhouse,nspt,cdx:job-boards.greenhouse.io:n,2026-09-13T01:59:18.507978+00:00,new,,,,,
greenhouse,ntconcepts,cdx:job-boards.greenhouse.io:n,2026-09-13T01:59:18.508401+00:00,new,,,,,
greenhouse,ntop,cdx:job-boards.greenhouse.io:n,2026-09-13T01:59:18.508635+00:00,new,,,,,
greenhouse,nttdatausa,cdx:job-boards.greenhouse.io:n,2026-09-13T01:59:18.508676+00:00,new,,,,,
greenhouse,ntx,cdx:job-boards.greenhouse.io:n,2026-09-13T01:59:18.508807+00:00,new,,,,,
greenhouse,nuancelabs,cdx:job-boards.greenhouse.io:n,2026-09-13T01:59:18.508854+00:00,new,,,,,
greenhouse,nubank,cdx:job-boards.greenhouse.io:n,2026-09-13T01:59:18.508901+00:00,new,,,,,
greenhouse,nuclearpromisex,cdx:job-boards.greenhouse.io:n,2026-09-13T01:59:18.513305+00:00,new,,,,,
greenhouse,nucleus,cdx:job-boards.greenhouse.io:n,2026-09-13T01:59:18.513393+00:00,new,,,,,
greenhouse,nugget,cdx:job-boards.greenhouse.io:n,2026-09-13T01:59:18.513988+00:00,new,,,,,
greenhouse,nuitee,cdx:job-boards.greenhouse.io:n,2026-09-13T01:59:18.514023+00:00,new,,,,,
greenhouse,numa,cdx:job-boards.greenhouse.io:n,2026-09-13T01:59:18.514080+00:00,new,,,,,
greenhouse,numattechnologies,cdx:job-boards.greenhouse.io:n,2026-09-13T01:59:18.514093+00:00,new,,,,,
greenhouse,numerix,cdx:job-boards.greenhouse.io:n,2026-09-13T01:59:18.514123+00:00,new,,,,,
greenhouse,numus,cdx:job-boards.greenhouse.io:n,2026-09-13T01:59:18.514235+00:00,new,,,,,
greenhouse,nuna,cdx:job-boards.greenhouse.io:n,2026-09-13T01:59:18.514259+00:00,new,,,,,
greenhouse,nurdie,cdx:job-boards.greenhouse.io:n,2026-09-13T01:59:18.514299+00:00,new,,,,,
greenhouse,nursingservices,cdx:job-boards.greenhouse.io:n,2026-09-13T01:59:18.514621+00:00,new,,,,,
greenhouse,nutrabolt,cdx:job-boards.greenhouse.io:n,2026-09-13T01:59:18.514629+00:00,new,,,,,
greenhouse,nutrafol,cdx:job-boards.greenhouse.io:n,2026-09-13T01:59:18.515338+00:00,new,,,,,
greenhouse,nutscom,cdx:job-boards.greenhouse.io:n,2026-09-13T01:59:18.515715+00:00,new,,,,,
greenhouse,nuuco,cdx:job-boards.greenhouse.io:n,2026-09-13T01:59:18.515748+00:00,new,,,,,
greenhouse,nuvem,cdx:job-boards.greenhouse.io:n,2026-09-13T01:59:18.515888+00:00,new,,,,,
greenhouse,nuveracg,cdx:job-boards.greenhouse.io:n,2026-09-13T01:59:18.515897+00:00,new,,,,,
greenhouse,nve,cdx:job-boards.greenhouse.io:n,2026-09-13T01:59:18.515920+00:00,new,,,,,
greenhouse,nvnaandhospice,cdx:job-boards.greenhouse.io:n,2026-09-13T01:59:18.516092+00:00,new,,,,,
greenhouse,nwpcc,cdx:job-boards.greenhouse.io:n,2026-09-13T01:59:18.516182+00:00,new,,,,,
greenhouse,nycedc,cdx:job-boards.greenhouse.io:n,2026-09-13T01:59:18.516200+00:00,new,,,,,
greenhouse,nyiso,cdx:job-boards.greenhouse.io:n,2026-09-13T01:59:18.516875+00:00,new,,,,,
greenhouse,nyisocoops,cdx:job-boards.greenhouse.io:n,2026-09-13T01:59:18.517488+00:00,new,,,,,
greenhouse,nyisointernships,cdx:job-boards.greenhouse.io:n,2026-09-13T01:59:18.517503+00:00,new,,,,,
greenhouse,nzxt,cdx:job-boards.greenhouse.io:n,2026-09-13T01:59:18.517585+00:00,new,,,,,
greenhouse,,cdx:job-boards.greenhouse.io:n,2026-09-13T01:59:18.517705+00:00,shard_marker,,,,,
greenhouse,oasysinternationalcorporation89,cdx:boards.greenhouse.io:o,2026-09-13T01:59:39.314926+00:00,new,,,,,
greenhouse,objective,cdx:boards.greenhouse.io:o,2026-09-13T01:59:39.314965+00:00,new,,,,,
greenhouse,ocrolusinc,cdx:boards.greenhouse.io:o,2026-09-13T01:59:39.314984+00:00,new,,,,,
greenhouse,oddball,cdx:boards.greenhouse.io:o,2026-09-13T01:59:39.315061+00:00,new,,,,,
greenhouse,odeko,cdx:boards.greenhouse.io:o,2026-09-13T01:59:39.315114+00:00,new,,,,,
greenhouse,offensivesecurity,cdx:boards.greenhouse.io:o,2026-09-13T01:59:39.315140+00:00,new,,,,,
greenhouse,offerfit,cdx:boards.greenhouse.io:o,2026-09-13T01:59:39.315229+00:00,new,,,,,
greenhouse,ohsufoundation,cdx:boards.greenhouse.io:o,2026-09-13T01:59:39.315379+00:00,new,,,,,
greenhouse,olaplexcareers,cdx:boards.greenhouse.io:o,2026-09-13T01:59:39.315388+00:00,new,,,,,
greenhouse,olipop,cdx:boards.greenhouse.io:o,2026-09-13T01:59:39.315467+00:00,new,,,,,
greenhouse,ombud,cdx:boards.greenhouse.io:o,2026-09-13T01:59:39.315574+00:00,new,,,,,
greenhouse,omgcamontrealfr,cdx:boards.greenhouse.io:o,2026-09-13T01:59:39.315598+00:00,new,,,,,
greenhouse,omguk,cdx:boards.greenhouse.io:o,2026-09-13T01:59:39.315638+00:00,new,,,,,
greenhouse,omicron,cdx:boards.greenhouse.io:o,2026-09-13T01:59:39.315812+00:00,new,,,,,
greenhouse,omnifdn,cdx:boards.greenhouse.io:o,2026-09-13T01:59:39.315822+00:00,new,,,,,
greenhouse,omnipresent,cdx:boards.greenhouse.io:o,2026-09-13T01:59:39.315889+00:00,new,,,,,
greenhouse,onarchipelago,cdx:boards.greenhouse.io:o,2026-09-13T01:59:39.315962+00:00,new,,,,,
greenhouse,onedegree,cdx:boards.greenhouse.io:o,2026-09-13T01:59:39.315991+00:00,new,,,,,
greenhouse,onelocal,cdx:boards.greenhouse.io:o,2026-09-13T01:59:39.316142+00:00,new,,,,,
greenhouse,onetrust,cdx:boards.greenhouse.io:o,2026-09-13T01:59:39.316210+00:00,new,,,,,
greenhouse,onrunning,cdx:boards.greenhouse.io:o,2026-09-13T01:59:39.316365+00:00,new,,,,,
greenhouse,oodlefinance,cdx:boards.greenhouse.io:o,2026-09-13T01:59:39.316600+00:00,new,,,,,
greenhouse,ooma,cdx:boards.greenhouse.io:o,2026-09-13T01:59:39.316615+00:00,new,,,,,
greenhouse,optimove,cdx:boards.greenhouse.io:o,2026-09-13T01:59:39.316624+00:00,new,,,,,
greenhouse,orilliadentist,cdx:boards.greenhouse.io:o,2026-09-13T01:59:39.316642+00:00,new,,,,,
greenhouse,orum,cdx:boards.greenhouse.io:o,2026-09-13T01:59:39.316656+00:00,new,,,,,
greenhouse,osmosis,cdx:boards.greenhouse.io:o,2026-09-13T01:59:39.316664+00:00,new,,,,,
greenhouse,ostrohealth,cdx:boards.greenhouse.io:o,2026-09-13T01:59:39.316677+00:00,new,,,,,
greenhouse,ottoaviation,cdx:boards.greenhouse.io:o,2026-09-13T01:59:39.316706+00:00,new,,,,,
greenhouse,ourgroup,cdx:boards.greenhouse.io:o,2026-09-13T01:59:39.316715+00:00,new,,,,,
greenhouse,outerbiosciences,cdx:boards.greenhouse.io:o,2026-09-13T01:59:39.316780+00:00,new,,,,,
greenhouse,outerspace,cdx:boards.greenhouse.io:o,2026-09-13T01:59:39.316800+00:00,new,,,,,
greenhouse,outschool,cdx:boards.greenhouse.io:o,2026-09-13T01:59:39.316833+00:00,new,,,,,
greenhouse,owc,cdx:boards.greenhouse.io:o,2026-09-13T01:59:39.316852+00:00,new,,,,,
greenhouse,owkin,cdx:boards.greenhouse.io:o,2026-09-13T01:59:39.316860+00:00,new,,,,,
greenhouse,ownwell,cdx:boards.greenhouse.io:o,2026-09-13T01:59:39.316868+00:00,new,,,,,
greenhouse,,cdx:boards.greenhouse.io:o,2026-09-13T01:59:39.316894+00:00,shard_marker,,,,,
greenhouse,o1labs,cdx:job-boards.greenhouse.io:o,2026-09-13T01:59:59.081527+00:00,new,,,,,
greenhouse,o2epcminc,cdx:job-boards.greenhouse.io:o,2026-09-13T01:59:59.081886+00:00,new,,,,,
greenhouse,oafkenya,cdx:job-boards.greenhouse.io:o,2026-09-13T01:59:59.082918+00:00,new,,,,,
greenhouse,oaklineproperties,cdx:job-boards.greenhouse.io:o,2026-09-13T01:59:59.084051+00:00,new,,,,,
greenhouse,oasisnetwork,cdx:job-boards.greenhouse.io:o,2026-09-13T01:59:59.084091+00:00,new,,,,,
greenhouse,oasissecurity,cdx:job-boards.greenhouse.io:o,2026-09-13T01:59:59.084413+00:00,new,,,,,
greenhouse,oath64,cdx:job-boards.greenhouse.io:o,2026-09-13T01:59:59.085328+00:00,new,,,,,
greenhouse,obexp,cdx:job-boards.greenhouse.io:o,2026-09-13T01:59:59.085364+00:00,new,,,,,
greenhouse,objectstream,cdx:job-boards.greenhouse.io:o,2026-09-13T01:59:59.086455+00:00,new,,,,,
greenhouse,obligo,cdx:job-boards.greenhouse.io:o,2026-09-13T01:59:59.086568+00:00,new,,,,,
greenhouse,obrienveterinarygroup,cdx:job-boards.greenhouse.io:o,2026-09-13T01:59:59.086678+00:00,new,,,,,
greenhouse,obscuritylabs,cdx:job-boards.greenhouse.io:o,2026-09-13T01:59:59.087320+00:00,new,,,,,
greenhouse,obsidiansecurity,cdx:job-boards.greenhouse.io:o,2026-09-13T01:59:59.087352+00:00,new,,,,,
greenhouse,obsidiansecuritycareers,cdx:job-boards.greenhouse.io:o,2026-09-13T01:59:59.089855+00:00,new,,,,,
greenhouse,obsidiantherapeutics,cdx:job-boards.greenhouse.io:o,2026-09-13T01:59:59.089891+00:00,new,,,,,
greenhouse,oceanx,cdx:job-boards.greenhouse.io:o,2026-09-13T01:59:59.090145+00:00,new,,,,,
greenhouse,ocmiinc,cdx:job-boards.greenhouse.io:o,2026-09-13T01:59:59.090622+00:00,new,,,,,
greenhouse,ocs,cdx:job-boards.greenhouse.io:o,2026-09-13T01:59:59.093908+00:00,new,,,,,
greenhouse,octaura,cdx:job-boards.greenhouse.io:o,2026-09-13T01:59:59.093951+00:00,new,,,,,
greenhouse,octave,cdx:job-boards.greenhouse.io:o,2026-09-13T01:59:59.094390+00:00,new,,,,,
greenhouse,octopuslegacy,cdx:job-boards.greenhouse.io:o,2026-09-13T01:59:59.095931+00:00,new,,,,,
greenhouse,octopusmoney,cdx:job-boards.greenhouse.io:o,2026-09-13T01:59:59.096052+00:00,new,,,,,
greenhouse,octus,cdx:job-boards.greenhouse.io:o,2026-09-13T01:59:59.096126+00:00,new,,,,,
greenhouse,odlesalescareers,cdx:job-boards.greenhouse.io:o,2026-09-13T01:59:59.101589+00:00,new,,,,,
greenhouse,odpcorp,cdx:job-boards.greenhouse.io:o,2026-09-13T01:59:59.101628+00:00,new,,,,,
greenhouse,offerup,cdx:job-boards.greenhouse.io:o,2026-09-13T01:59:59.102595+00:00,new,,,,,
greenhouse,offerupcontract,cdx:job-boards.greenhouse.io:o,2026-09-13T01:59:59.103249+00:00,new,,,,,
greenhouse,offerzen,cdx:job-boards.greenhouse.io:o,2026-09-13T01:59:59.103271+00:00,new,,,,,
greenhouse,officehours,cdx:job-boards.greenhouse.io:o,2026-09-13T01:59:59.103371+00:00,new,,,,,
greenhouse,officespacesoftware,cdx:job-boards.greenhouse.io:o,2026-09-13T01:59:59.104019+00:00,new,,,,,
greenhouse,offshorelaunch,cdx:job-boards.greenhouse.io:o,2026-09-13T01:59:59.104109+00:00,new,,,,,
greenhouse,ogilvyaus,cdx:job-boards.greenhouse.io:o,2026-09-13T01:59:59.104442+00:00,new,,,,,
greenhouse,ogilvycanada,cdx:job-boards.greenhouse.io:o,2026-09-13T01:59:59.104548+00:00,new,,,,,
greenhouse,ogilvyearlycareers,cdx:job-boards.greenhouse.io:o,2026-09-13T01:59:59.104565+00:00,new,,,,,
greenhouse,ogilvygermany,cdx:job-boards.greenhouse.io:o,2026-09-13T01:59:59.104691+00:00,new,,,,,
greenhouse,ogilvyhealthcanada,cdx:job-boards.greenhouse.io:o,2026-09-13T01:59:59.104798+00:00,new,,,,,
greenhouse,ogilvyhealthuk,cdx:job-boards.greenhouse.io:o,2026-09-13T01:59:59.104844+00:00,new,,,,,
greenhouse,ogilvyhealthusa,cdx:job-boards.greenhouse.io:o,2026-09-13T01:59:59.105157+00:00,new,,,,,
greenhouse,ogilvyjapan,cdx:job-boards.greenhouse.io:o,2026-09-13T01:59:59.105496+00:00,new,,,,,
greenhouse,ogilvymena,cdx:job-boards.greenhouse.io:o,2026-09-13T01:59:59.105624+00:00,new,,,,,
greenhouse,ogilvypublicrelationsau,cdx:job-boards.greenhouse.io:o,2026-09-13T01:59:59.105973+00:00,new,,,,,
greenhouse,ogilvyspain,cdx:job-boards.greenhouse.io:o,2026-09-13T01:59:59.106063+00:00,new,,,,,
greenhouse,ogilvyuk,cdx:job-boards.greenhouse.io:o,2026-09-13T01:59:59.106111+00:00,new,,,,,
greenhouse,ogroup,cdx:job-boards.greenhouse.io:o,2026-09-13T01:59:59.106128+00:00,new,,,,,
greenhouse,ohalegal,cdx:job-boards.greenhouse.io:o,2026-09-13T01:59:59.106144+00:00,new,,,,,
greenhouse,ohalogenetics,cdx:job-boards.greenhouse.io:o,2026-09-13T01:59:59.106219+00:00,new,,,,,
greenhouse,ohdela,cdx:job-boards.greenhouse.io:o,2026-09-13T01:59:59.107525+00:00,new,,,,,
greenhouse,ojolabs,cdx:job-boards.greenhouse.io:o,2026-09-13T01:59:59.107726+00:00,new,,,,,
greenhouse,okcoin,cdx:job-boards.greenhouse.io:o,2026-09-13T01:59:59.107764+00:00,new,,,,,
greenhouse,oklo,cdx:job-boards.greenhouse.io:o,2026-09-13T01:59:59.107791+00:00,new,,,,,
greenhouse,okteto,cdx:job-boards.greenhouse.io:o,2026-09-13T01:59:59.110223+00:00,new,,,,,
greenhouse,okx,cdx:job-boards.greenhouse.io:o,2026-09-13T01:59:59.110249+00:00,new,,,,,
greenhouse,oldcastlebuildingenvelope,cdx:job-boards.greenhouse.io:o,2026-09-13T01:59:59.123616+00:00,new,,,,,
greenhouse,olema,cdx:job-boards.greenhouse.io:o,2026-09-13T01:59:59.123665+00:00,new,,,,,
greenhouse,olivai,cdx:job-boards.greenhouse.io:o,2026-09-13T01:59:59.124349+00:00,new,,,,,
greenhouse,oliver,cdx:job-boards.greenhouse.io:o,2026-09-13T01:59:59.124482+00:00,new,,,,,
greenhouse,oliverargentina,cdx:job-boards.greenhouse.io:o,2026-09-13T01:59:59.125557+00:00,new,,,,,
greenhouse,oliverbrazil,cdx:job-boards.greenhouse.io:o,2026-09-13T01:59:59.125587+00:00,new,,,,,
greenhouse,oliverireland,cdx:job-boards.greenhouse.io:o,2026-09-13T01:59:59.125694+00:00,new,,,,,
greenhouse,olivermexico,cdx:job-boards.greenhouse.io:o,2026-09-13T01:59:59.125702+00:00,new,,,,,
greenhouse,oliverplus,cdx:job-boards.greenhouse.io:o,2026-09-13T01:59:59.125721+00:00,new,,,,,
greenhouse,oliverseapac,cdx:job-boards.greenhouse.io:o,2026-09-13T01:59:59.126395+00:00,new,,,,,
greenhouse,oliverusa,cdx:job-boards.greenhouse.io:o,2026-09-13T01:59:59.127958+00:00,new,,,,,
greenhouse,olivetreegames,cdx:job-boards.greenhouse.io:o,2026-09-13T01:59:59.128722+00:00,new,,,,,
greenhouse,olly,cdx:job-boards.greenhouse.io:o,2026-09-13T01:59:59.128731+00:00,new,,,,,
greenhouse,olsson,cdx:job-boards.greenhouse.io:o,2026-09-13T01:59:59.129098+00:00,new,,,,,
greenhouse,olympiacareers,cdx:job-boards.greenhouse.io:o,2026-09-13T01:59:59.131548+00:00,new,,,,,
greenhouse,olympusproperty,cdx:job-boards.greenhouse.io:o,2026-09-13T01:59:59.131573+00:00,new,,,,,
greenhouse,om1,cdx:job-boards.greenhouse.io:o,2026-09-13T01:59:59.132279+00:00,new,,,,,
greenhouse,omadahealth,cdx:job-boards.greenhouse.io:o,2026-09-13T01:59:59.132314+00:00,new,,,,,
greenhouse,omakaseai,cdx:job-boards.greenhouse.io:o,2026-09-13T01:59:59.134119+00:00,new,,,,,
greenhouse,omakaserobotics,cdx:job-boards.greenhouse.io:o,2026-09-13T01:59:59.134161+00:00,new,,,,,
greenhouse,omgcamontreal,cdx:job-boards.greenhouse.io:o,2026-09-13T01:59:59.134256+00:00,new,,,,,
greenhouse,omidyarnetwork,cdx:job-boards.greenhouse.io:o,2026-09-13T01:59:59.136015+00:00,new,,,,,
greenhouse,omnicomhealth,cdx:job-boards.greenhouse.io:o,2026-09-13T01:59:59.136162+00:00,new,,,,,
greenhouse,omnicraftlabs,cdx:job-boards.greenhouse.io:o,2026-09-13T01:59:59.137776+00:00,new,,,,,
greenhouse,omnidata,cdx:job-boards.greenhouse.io:o,2026-09-13T01:59:59.137873+00:00,new,,,,,
greenhouse,omnionpower,cdx:job-boards.greenhouse.io:o,2026-09-13T01:59:59.138032+00:00,new,,,,,
greenhouse,onapsis,cdx:job-boards.greenhouse.io:o,2026-09-13T01:59:59.138608+00:00,new,,,,,
greenhouse,onbe,cdx:job-boards.greenhouse.io:o,2026-09-13T01:59:59.138724+00:00,new,,,,,
greenhouse,onboardmeetings,cdx:job-boards.greenhouse.io:o,2026-09-13T01:59:59.139370+00:00,new,,,,,
greenhouse,oncoverycare,cdx:job-boards.greenhouse.io:o,2026-09-13T01:59:59.139520+00:00,new,,,,,
greenhouse,ondofinance,cdx:job-boards.greenhouse.io:o,2026-09-13T01:59:59.139607+00:00,new,,,,,
greenhouse,oneacrefundburundi,cdx:job-boards.greenhouse.io:o,2026-09-13T01:59:59.139793+00:00,new,,,,,
greenhouse,oneacrefundethiopia,cdx:job-boards.greenhouse.io:o,2026-09-13T01:59:59.139812+00:00,new,,,,,
greenhouse,oneacrefundglobal,cdx:job-boards.greenhouse.io:o,2026-09-13T01:59:59.139867+00:00,new,,,,,
greenhouse,oneacrefundmalawi,cdx:job-boards.greenhouse.io:o,2026-09-13T01:59:59.139934+00:00,new,,,,,
greenhouse,oneacrefundnigeria,cdx:job-boards.greenhouse.io:o,2026-09-13T01:59:59.139978+00:00,new,,,,,
greenhouse,oneacrefundrwanda,cdx:job-boards.greenhouse.io:o,2026-09-13T01:59:59.140057+00:00,new,,,,,
greenhouse,oneacrefundtanzania,cdx:job-boards.greenhouse.io:o,2026-09-13T01:59:59.140156+00:00,new,,,,,
greenhouse,oneacrefunduganda,cdx:job-boards.greenhouse.io:o,2026-09-13T01:59:59.140210+00:00,new,,,,,
greenhouse,oneacrefundzambia,cdx:job-boards.greenhouse.io:o,2026-09-13T01:59:59.140269+00:00,new,,,,,
greenhouse,oneazcreditunion,cdx:job-boards.greenhouse.io:o,2026-09-13T01:59:59.140325+00:00,new,,,,,
greenhouse,onecampaign,cdx:job-boards.greenhouse.io:o,2026-09-13T01:59:59.140332+00:00,new,,,,,
greenhouse,onecareers,cdx:job-boards.greenhouse.io:o,2026-09-13T01:59:59.140370+00:00,new,,,,,
greenhouse,oneclearchoice,cdx:job-boards.greenhouse.io:o,2026-09-13T01:59:59.140427+00:00,new,,,,,
greenhouse,oneearthfuture,cdx:job-boards.greenhouse.io:o,2026-09-13T01:59:59.140435+00:00,new,,,,,
greenhouse,oneenergyrenewables,cdx:job-boards.greenhouse.io:o,2026-09-13T01:59:59.140448+00:00,new,,,,,
greenhouse,oneethos,cdx:job-boards.greenhouse.io:o,2026-09-13T01:59:59.140488+00:00,new,,,,,
greenhouse,onegermanyboard,cdx:job-boards.greenhouse.io:o,2026-09-13T01:59:59.140496+00:00,new,,,,,
greenhouse,oneglobe,cdx:job-boards.greenhouse.io:o,2026-09-13T01:59:59.140504+00:00,new,,,,,
greenhouse,oneimaging,cdx:job-boards.greenhouse.io:o,2026-09-13T01:59:59.140562+00:00,new,,,,,
greenhouse,onemodel,cdx:job-boards.greenhouse.io:o,2026-09-13T01:59:59.140793+00:00,new,,,,,
greenhouse,onenergy,cdx:job-boards.greenhouse.io:o,2026-09-13T01:59:59.140831+00:00,new,,,,,
greenhouse,oneoncology,cdx:job-boards.greenhouse.io:o,2026-09-13T01:59:59.141393+00:00,new,,,,,
greenhouse,onepath,cdx:job-boards.greenhouse.io:o,2026-09-13T01:59:59.141688+00:00,new,,,,,
greenhouse,oneproject,cdx:job-boards.greenhouse.io:o,2026-09-13T01:59:59.141778+00:00,new,,,,,
greenhouse,onesignal,cdx:job-boards.greenhouse.io:o,2026-09-13T01:59:59.141812+00:00,new,,,,,
greenhouse,onesixsolutions27,cdx:job-boards.greenhouse.io:o,2026-09-13T01:59:59.141977+00:00,new,,,,,
greenhouse,oneskin,cdx:job-boards.greenhouse.io:o,2026-09-13T01:59:59.142046+00:00,new,,,,,
greenhouse,onestudyteam,cdx:job-boards.greenhouse.io:o,2026-09-13T01:59:59.142075+00:00,new,,,,,
greenhouse,onevest,cdx:job-boards.greenhouse.io:o,2026-09-13T01:59:59.144303+00:00,new,,,,,
greenhouse,onexgeneral,cdx:job-boards.greenhouse.io:o,2026-09-13T01:59:59.144447+00:00,new,,,,,
greenhouse,onlinebirdsaustriagmbh,cdx:job-boards.greenhouse.io:o,2026-09-13T01:59:59.144456+00:00,new,,,,,
greenhouse,onnitlabs,cdx:job-boards.greenhouse.io:o,2026-09-13T01:59:59.144464+00:00,new,,,,,
greenhouse,onshore,cdx:job-boards.greenhouse.io:o,2026-09-13T01:59:59.150412+00:00,new,,,,,
greenhouse,onsights,cdx:job-boards.greenhouse.io:o,2026-09-13T01:59:59.150472+00:00,new,,,,,
greenhouse,onsiteiq,cdx:job-boards.greenhouse.io:o,2026-09-13T01:59:59.150480+00:00,new,,,,,
greenhouse,onxcachedjobs,cdx:job-boards.greenhouse.io:o,2026-09-13T01:59:59.150487+00:00,new,,,,,
greenhouse,onxmaps,cdx:job-boards.greenhouse.io:o,2026-09-13T01:59:59.150500+00:00,new,,,,,
greenhouse,oosmanagementcorp,cdx:job-boards.greenhouse.io:o,2026-09-13T01:59:59.151111+00:00,new,,,,,
greenhouse,opaquesystems,cdx:job-boards.greenhouse.io:o,2026-09-13T01:59:59.151496+00:00,new,,,,,
greenhouse,openap,cdx:job-boards.greenhouse.io:o,2026-09-13T01:59:59.151524+00:00,new,,,,,
greenhouse,opencoreemr,cdx:job-boards.greenhouse.io:o,2026-09-13T01:59:59.151565+00:00,new,,,,,
greenhouse,opencoreventures,cdx:job-boards.greenhouse.io:o,2026-09-13T01:59:59.151573+00:00,new,,,,,
greenhouse,opendoor,cdx:job-boards.greenhouse.io:o,2026-09-13T01:59:59.151619+00:00,new,,,,,
greenhouse,openenergysolutionsinc,cdx:job-boards.greenhouse.io:o,2026-09-13T01:59:59.152443+00:00,new,,,,,
greenhouse,openenergytransition,cdx:job-boards.greenhouse.io:o,2026-09-13T01:59:59.152472+00:00,new,,,,,
greenhouse,openeye,cdx:job-boards.greenhouse.io:o,2026-09-13T01:59:59.152506+00:00,new,,,,,
greenhouse,openfarminc,cdx:job-boards.greenhouse.io:o,2026-09-13T01:59:59.152751+00:00,new,,,,,
greenhouse,openfertility,cdx:job-boards.greenhouse.io:o,2026-09-13T01:59:59.152847+00:00,new,,,,,
greenhouse,openfx,cdx:job-boards.greenhouse.io:o,2026-09-13T01:59:59.152877+00:00,new,,,,,
greenhouse,openings,cdx:job-boards.greenhouse.io:o,2026-09-13T01:59:59.153083+00:00,new,,,,,
greenhouse,openloop,cdx:job-boards.greenhouse.io:o,2026-09-13T01:59:59.153122+00:00,new,,,,,
greenhouse,openly,cdx:job-boards.greenhouse.io:o,2026-09-13T01:59:59.153613+00:00,new,,,,,
greenhouse,openphone,cdx:job-boards.greenhouse.io:o,2026-09-13T01:59:59.153927+00:00,new,,,,,
greenhouse,opensesame,cdx:job-boards.greenhouse.io:o,2026-09-13T01:59:59.154019+00:00,new,,,,,
greenhouse,opentable,cdx:job-boards.greenhouse.io:o,2026-09-13T01:59:59.154348+00:00,new,,,,,
greenhouse,openteams,cdx:job-boards.greenhouse.io:o,2026-09-13T01:59:59.156287+00:00,new,,,,,
greenhouse,openwork,cdx:job-boards.greenhouse.io:o,2026-09-13T01:59:59.156492+00:00,new,,,,,
greenhouse,operantai,cdx:job-boards.greenhouse.io:o,2026-09-13T01:59:59.156505+00:00,new,,,,,
greenhouse,operationscareers,cdx:job-boards.greenhouse.io:o,2026-09-13T01:59:59.156550+00:00,new,,,,,
greenhouse,operatus,cdx:job-boards.greenhouse.io:o,2026-09-13T01:59:59.157983+00:00,new,,,,,
greenhouse,ophelia,cdx:job-boards.greenhouse.io:o,2026-09-13T01:59:59.158007+00:00,new,,,,,
greenhouse,ophelos,cdx:job-boards.greenhouse.io:o,2026-09-13T01:59:59.158325+00:00,new,,,,,
greenhouse,opiniondynamics,cdx:job-boards.greenhouse.io:o,2026-09-13T01:59:59.158334+00:00,new,,,,,
greenhouse,opj,cdx:job-boards.greenhouse.io:o,2026-09-13T01:59:59.158343+00:00,new,,,,,
greenhouse,oportun,cdx:job-boards.greenhouse.io:o,2026-09-13T01:59:59.158351+00:00,new,,,,,
greenhouse,opositiv,cdx:job-boards.greenhouse.io:o,2026-09-13T01:59:59.159573+00:00,new,,,,,
greenhouse,opploans,cdx:job-boards.greenhouse.io:o,2026-09-13T01:59:59.159598+00:00,new,,,,,
greenhouse,opportunitesdestages,cdx:job-boards.greenhouse.io:o,2026-09-13T01:59:59.159762+00:00,new,,,,,
greenhouse,opremote,cdx:job-boards.greenhouse.io:o,2026-09-13T01:59:59.159770+00:00,new,,,,,
greenhouse,optainhealth,cdx:job-boards.greenhouse.io:o,2026-09-13T01:59:59.159788+00:00,new,,,,,
greenhouse,optera,cdx:job-boards.greenhouse.io:o,2026-09-13T01:59:59.159796+00:00,new,,,,,
greenhouse,optimadermatologycareers,cdx:job-boards.greenhouse.io:o,2026-09-13T01:59:59.159804+00:00,new,,,,,
greenhouse,optimalcare,cdx:job-boards.greenhouse.io:o,2026-09-13T01:59:59.160750+00:00,new,,,,,
greenhouse,optimalcare-evergreen,cdx:job-boards.greenhouse.io:o,2026-09-13T01:59:59.160759+00:00,new,,,,,
greenhouse,optimaldynamics,cdx:job-boards.greenhouse.io:o,2026-09-13T01:59:59.161715+00:00,new,,,,,
greenhouse,optimamedical,cdx:job-boards.greenhouse.io:o,2026-09-13T01:59:59.161776+00:00,new,,,,,
greenhouse,optimecare,cdx:job-boards.greenhouse.io:o,2026-09-13T01:59:59.161795+00:00,new,,,,,
greenhouse,optimustechnologies,cdx:job-boards.greenhouse.io:o,2026-09-13T01:59:59.161908+00:00,new,,,,,
greenhouse,optimylbenefits,cdx:job-boards.greenhouse.io:o,2026-09-13T01:59:59.162065+00:00,new,,,,,
greenhouse,optionstrading201course,cdx:job-boards.greenhouse.io:o,2026-09-13T01:59:59.162073+00:00,new,,,,,
greenhouse,optirtc,cdx:job-boards.greenhouse.io:o,2026-09-13T01:59:59.162081+00:00,new,,,,,
greenhouse,optiverneurips,cdx:job-boards.greenhouse.io:o,2026-09-13T01:59:59.162088+00:00,new,,,,,
greenhouse,optiverprivate,cdx:job-boards.greenhouse.io:o,2026-09-13T01:59:59.162096+00:00,new,,,,,
greenhouse,optoinvest,cdx:job-boards.greenhouse.io:o,2026-09-13T01:59:59.162220+00:00,new,,,,,
greenhouse,opustone,cdx:job-boards.greenhouse.io:o,2026-09-13T01:59:59.162368+00:00,new,,,,,
greenhouse,oralsurgerypartners,cdx:job-boards.greenhouse.io:o,2026-09-13T01:59:59.162386+00:00,new,,,,,
greenhouse,orangetwist,cdx:job-boards.greenhouse.io:o,2026-09-13T01:59:59.163332+00:00,new,,,,,
greenhouse,orbitaltherapeutics,cdx:job-boards.greenhouse.io:o,2026-09-13T01:59:59.163782+00:00,new,,,,,
greenhouse,orchard,cdx:job-boards.greenhouse.io:o,2026-09-13T01:59:59.163805+00:00,new,,,,,
greenhouse,orchardroadah,cdx:job-boards.greenhouse.io:o,2026-09-13T01:59:59.164866+00:00,new,,,,,
greenhouse,orchestra,cdx:job-boards.greenhouse.io:o,2026-09-13T01:59:59.164879+00:00,new,,,,,
greenhouse,orcristtechnologies,cdx:job-boards.greenhouse.io:o,2026-09-13T01:59:59.165713+00:00,new,,,,,
greenhouse,orderly,cdx:job-boards.greenhouse.io:o,2026-09-13T01:59:59.165730+00:00,new,,,,,
greenhouse,orderlynetwork,cdx:job-boards.greenhouse.io:o,2026-09-13T01:59:59.165844+00:00,new,,,,,
greenhouse,orenda,cdx:job-boards.greenhouse.io:o,2026-09-13T01:59:59.165970+00:00,new,,,,,
greenhouse,orennia,cdx:job-boards.greenhouse.io:o,2026-09-13T01:59:59.166032+00:00,new,,,,,
greenhouse,originaltriad,cdx:job-boards.greenhouse.io:o,2026-09-13T01:59:59.166148+00:00,new,,,,,
greenhouse,origisenergy,cdx:job-boards.greenhouse.io:o,2026-09-13T01:59:59.166165+00:00,new,,,,,
greenhouse,origisenergytechs,cdx:job-boards.greenhouse.io:o,2026-09-13T01:59:59.166342+00:00,new,,,,,
greenhouse,oriongroup,cdx:job-boards.greenhouse.io:o,2026-09-13T01:59:59.166448+00:00,new,,,,,
greenhouse,orioninnovationnaukri,cdx:job-boards.greenhouse.io:o,2026-09-13T01:59:59.166575+00:00,new,,,,,
greenhouse,orium,cdx:job-boards.greenhouse.io:o,2026-09-13T01:59:59.166589+00:00,new,,,,,
greenhouse,orkes,cdx:job-boards.greenhouse.io:o,2026-09-13T01:59:59.166703+00:00,new,,,,,
greenhouse,ornatherapeutics,cdx:job-boards.greenhouse.io:o,2026-09-13T01:59:59.166983+00:00,new,,,,,
greenhouse,orrgroup,cdx:job-boards.greenhouse.io:o,2026-09-13T01:59:59.167008+00:00,new,,,,,
greenhouse,orthosportsmedphysicaltherapyjobs,cdx:job-boards.greenhouse.io:o,2026-09-13T01:59:59.167084+00:00,new,,,,,
greenhouse,oruka,cdx:job-boards.greenhouse.io:o,2026-09-13T01:59:59.167133+00:00,new,,,,,
greenhouse,oryterope-transalpin-sarl,cdx:job-boards.greenhouse.io:o,2026-09-13T01:59:59.167218+00:00,new,,,,,
greenhouse,osano,cdx:job-boards.greenhouse.io:o,2026-09-13T01:59:59.167233+00:00,new,,,,,
greenhouse,oshihealth,cdx:job-boards.greenhouse.io:o,2026-09-13T01:59:59.167365+00:00,new,,,,,
greenhouse,osmosisdex,cdx:job-boards.greenhouse.io:o,2026-09-13T01:59:59.167778+00:00,new,,,,,
greenhouse,otainsightltd,cdx:job-boards.greenhouse.io:o,2026-09-13T01:59:59.167874+00:00,new,,,,,
greenhouse,otrcapital1,cdx:job-boards.greenhouse.io:o,2026-09-13T01:59:59.167897+00:00,new,,,,,
greenhouse,otrium,cdx:job-boards.greenhouse.io:o,2026-09-13T01:59:59.168056+00:00,new,,,,,
greenhouse,otrtransportation,cdx:job-boards.greenhouse.io:o,2026-09-13T01:59:59.168106+00:00,new,,,,,
greenhouse,otter,cdx:job-boards.greenhouse.io:o,2026-09-13T01:59:59.168119+00:00,new,,,,,
greenhouse,otterbein,cdx:job-boards.greenhouse.io:o,2026-09-13T01:59:59.168451+00:00,new,,,,,
greenhouse,ouihelp,cdx:job-boards.greenhouse.io:o,2026-09-13T01:59:59.170901+00:00,new,,,,,
greenhouse,oulahealth,cdx:job-boards.greenhouse.io:o,2026-09-13T01:59:59.176619+00:00,new,,,,,
greenhouse,ounceofcare,cdx:job-boards.greenhouse.io:o,2026-09-13T01:59:59.176950+00:00,new,,,,,
greenhouse,oura,cdx:job-boards.greenhouse.io:o,2026-09-13T01:59:59.177052+00:00,new,,,,,
greenhouse,ourhospicejobs,cdx:job-boards.greenhouse.io:o,2026-09-13T01:59:59.178668+00:00,new,,,,,
greenhouse,outbraininc,cdx:job-boards.greenhouse.io:o,2026-09-13T01:59:59.178691+00:00,new,,,,,
greenhouse,outerbio,cdx:job-boards.greenhouse.io:o,2026-09-13T01:59:59.178699+00:00,new,,,,,
greenhouse,outfit7,cdx:job-boards.greenhouse.io:o,2026-09-13T01:59:59.178888+00:00,new,,,,,
greenhouse,outlier,cdx:job-boards.greenhouse.io:o,2026-09-13T01:59:59.179073+00:00,new,,,,,
greenhouse,outlier-growth,cdx:job-boards.greenhouse.io:o,2026-09-13T01:59:59.179081+00:00,new,,,,,
greenhouse,outlierai,cdx:job-boards.greenhouse.io:o,2026-09-13T01:59:59.180505+00:00,new,,,,,
greenhouse,outlive,cdx:job-boards.greenhouse.io:o,2026-09-13T01:59:59.180538+00:00,new,,,,,
greenhouse,outpostspace,cdx:job-boards.greenhouse.io:o,2026-09-13T01:59:59.180579+00:00,new,,,,,
greenhouse,output,cdx:job-boards.greenhouse.io:o,2026-09-13T01:59:59.180796+00:00,new,,,,,
greenhouse,outrider,cdx:job-boards.greenhouse.io:o,2026-09-13T01:59:59.180852+00:00,new,,,,,
greenhouse,outsetmedical,cdx:job-boards.greenhouse.io:o,2026-09-13T01:59:59.181285+00:00,new,,,,,
greenhouse,outshine,cdx:job-boards.greenhouse.io:o,2026-09-13T01:59:59.181857+00:00,new,,,,,
greenhouse,outsideanalytics,cdx:job-boards.greenhouse.io:o,2026-09-13T01:59:59.181895+00:00,new,,,,,
greenhouse,ovatient,cdx:job-boards.greenhouse.io:o,2026-09-13T01:59:59.181966+00:00,new,,,,,
greenhouse,overdare,cdx:job-boards.greenhouse.io:o,2026-09-13T01:59:59.181979+00:00,new,,,,,
greenhouse,overjet,cdx:job-boards.greenhouse.io:o,2026-09-13T01:59:59.182055+00:00,new,,,,,
greenhouse,overlandai,cdx:job-boards.greenhouse.io:o,2026-09-13T01:59:59.182291+00:00,new,,,,,
greenhouse,overline,cdx:job-boards.greenhouse.io:o,2026-09-13T01:59:59.183075+00:00,new,,,,,
greenhouse,overstory,cdx:job-boards.greenhouse.io:o,2026-09-13T01:59:59.183087+00:00,new,,,,,
greenhouse,overstoryhealth,cdx:job-boards.greenhouse.io:o,2026-09-13T01:59:59.183628+00:00,new,,,,,
greenhouse,owenscompaniesasp,cdx:job-boards.greenhouse.io:o,2026-09-13T01:59:59.183648+00:00,new,,,,,
greenhouse,ownershift,cdx:job-boards.greenhouse.io:o,2026-09-13T01:59:59.183685+00:00,new,,,,,
greenhouse,owscapitalmanagement,cdx:job-boards.greenhouse.io:o,2026-09-13T01:59:59.183900+00:00,new,,,,,
greenhouse,oxosmedical,cdx:job-boards.greenhouse.io:o,2026-09-13T01:59:59.183908+00:00,new,,,,,
greenhouse,oyster,cdx:job-boards.greenhouse.io:o,2026-09-13T01:59:59.183931+00:00,new,,,,,
greenhouse,oysterremote,cdx:job-boards.greenhouse.io:o,2026-09-13T01:59:59.183979+00:00,new,,,,,
greenhouse,ozow,cdx:job-boards.greenhouse.io:o,2026-09-13T01:59:59.183992+00:00,new,,,,,
greenhouse,,cdx:job-boards.greenhouse.io:o,2026-09-13T01:59:59.184316+00:00,shard_marker,,,,,
ashby,c-side,cdx:jobs.ashbyhq.com:c,2026-09-13T02:00:50.299196+00:00,reject_dead,0,,,2026-09-13T02:04:34.630521+00:00,http 404
ashby,c0ffee,cdx:jobs.ashbyhq.com:c,2026-09-13T02:00:50.299553+00:00,reject_dead,0,,,2026-09-13T02:04:36.640211+00:00,http 404
ashby,c1,cdx:jobs.ashbyhq.com:c,2026-09-13T02:00:50.299585+00:00,added,13,C1,c1.ai,2026-09-13T02:04:38.054134+00:00,domain from json-ld
ashby,caastle,cdx:jobs.ashbyhq.com:c,2026-09-13T02:00:50.299615+00:00,reject_dead,0,,,2026-09-13T02:04:40.814927+00:00,http 404
ashby,cadregs,cdx:jobs.ashbyhq.com:c,2026-09-13T02:00:50.299635+00:00,reject_too_few,5,,,2026-09-13T02:04:45.981558+00:00,5 < 8
ashby,caldera,cdx:jobs.ashbyhq.com:c,2026-09-13T02:00:50.299747+00:00,reject_dead,0,,,2026-09-13T02:04:49.216408+00:00,http 404
ashby,callosum,cdx:jobs.ashbyhq.com:c,2026-09-13T02:00:50.300349+00:00,added,17,Callosum,callosum.com,2026-09-13T02:04:50.649828+00:00,domain from json-ld
ashby,camber,cdx:jobs.ashbyhq.com:c,2026-09-13T02:00:50.300438+00:00,added,15,Camber,camber.health,2026-09-13T02:04:54.205294+00:00,domain from json-ld
ashby,camber.,cdx:jobs.ashbyhq.com:c,2026-09-13T02:00:50.300455+00:00,reject_dead,0,,,2026-09-13T02:04:54.960569+00:00,http 404
ashby,cambio,cdx:jobs.ashbyhq.com:c,2026-09-13T02:00:50.301372+00:00,added,9,Cambio AI Inc.,cambio.ai,2026-09-13T02:04:56.211949+00:00,domain from json-ld
ashby,cambium,cdx:jobs.ashbyhq.com:c,2026-09-13T02:00:50.301901+00:00,reject_too_few,5,,,2026-09-13T02:04:56.978553+00:00,5 < 8
ashby,cambly,cdx:jobs.ashbyhq.com:c,2026-09-13T02:00:50.302328+00:00,reject_too_few,2,,,2026-09-13T02:04:57.971696+00:00,2 < 8
ashby,campfire,cdx:jobs.ashbyhq.com:c,2026-09-13T02:00:50.303375+00:00,added,34,Campfire,campfire.ai,2026-09-13T02:05:25.750091+00:00,domain from json-ld
ashby,campus,cdx:jobs.ashbyhq.com:c,2026-09-13T02:00:50.303819+00:00,added,19,Campus,campus.edu,2026-09-13T02:05:28.103031+00:00,domain from json-ld
ashby,camunda,cdx:jobs.ashbyhq.com:c,2026-09-13T02:00:50.304675+00:00,added,31,Camunda,camunda.com,2026-09-13T02:05:29.435914+00:00,domain from json-ld
ashby,canals,cdx:jobs.ashbyhq.com:c,2026-09-13T02:00:50.305926+00:00,added,26,Canals,canals.ai,2026-09-13T02:05:31.923294+00:00,domain from json-ld
ashby,candex,cdx:jobs.ashbyhq.com:c,2026-09-13T02:00:50.306548+00:00,reject_no_domain,17,Candex,,2026-09-13T02:14:18.371254+00:00,no domain on this page; no domain on this page; name from slug
ashby,candidate.fyi,cdx:jobs.ashbyhq.com:c,2026-09-13T02:00:50.306588+00:00,reject_too_few,2,,,2026-09-13T02:05:45.297681+00:00,2 < 8
ashby,candidhealth,cdx:jobs.ashbyhq.com:c,2026-09-13T02:00:50.306628+00:00,added,38,Candid Health,candidhealth.com,2026-09-13T02:05:46.549580+00:00,domain from json-ld
ashby,candidintelligence,cdx:jobs.ashbyhq.com:c,2026-09-13T02:00:50.307728+00:00,reject_too_few,7,,,2026-09-13T02:05:47.672191+00:00,7 < 8
ashby,cantina,cdx:jobs.ashbyhq.com:c,2026-09-13T02:00:50.307749+00:00,added,22,Cantina,cantina.com,2026-09-13T02:05:50.272711+00:00,domain from json-ld
ashby,cantina.security,cdx:jobs.ashbyhq.com:c,2026-09-13T02:00:50.307762+00:00,reject_dead,0,,,2026-09-13T02:05:51.037664+00:00,http 404
ashby,cantina.xyz,cdx:jobs.ashbyhq.com:c,2026-09-13T02:00:50.307774+00:00,reject_dead,0,,,2026-09-13T02:05:52.088551+00:00,http 404
ashby,canvas-medical,cdx:jobs.ashbyhq.com:c,2026-09-13T02:00:50.308032+00:00,reject_too_few,4,,,2026-09-13T02:06:07.055155+00:00,4 < 8
ashby,capable,cdx:jobs.ashbyhq.com:c,2026-09-13T02:00:50.308143+00:00,added,19,Capable Labs,capable.com,2026-09-13T02:06:08.518621+00:00,domain from json-ld
ashby,capchase,cdx:jobs.ashbyhq.com:c,2026-09-13T02:00:50.308335+00:00,reject_too_few,6,,,2026-09-13T02:06:10.959608+00:00,6 < 8
ashby,cape,cdx:jobs.ashbyhq.com:c,2026-09-13T02:00:50.308559+00:00,added,26,Cape,cape.co,2026-09-13T02:06:12.268527+00:00,domain from json-ld
ashby,capimoney,cdx:jobs.ashbyhq.com:c,2026-09-13T02:00:50.309127+00:00,added,8,Capi Money,capimoney.com,2026-09-13T02:12:15.396607+00:00,rejected json-ld domain jobs.ashbyhq.com; domain from page links; re-resolved
ashby,capital-v-strategies,cdx:jobs.ashbyhq.com:c,2026-09-13T02:00:50.309580+00:00,reject_too_few,2,,,2026-09-13T02:06:14.079382+00:00,2 < 8
ashby,capsa,cdx:jobs.ashbyhq.com:c,2026-09-13T02:00:50.309593+00:00,added,8,Capsa AI,capsa.ai,2026-09-13T02:06:42.967895+00:00,domain from json-ld
ashby,capsule,cdx:jobs.ashbyhq.com:c,2026-09-13T02:00:50.309672+00:00,added,9,Capsule,capsule.video,2026-09-13T02:14:23.081141+00:00,domain from json-ld
ashby,captions,cdx:jobs.ashbyhq.com:c,2026-09-13T02:00:50.309817+00:00,reject_dead,0,,,2026-09-13T02:06:48.860636+00:00,http 404
ashby,capy,cdx:jobs.ashbyhq.com:c,2026-09-13T02:00:50.310822+00:00,reject_too_few,2,,,2026-09-13T02:06:49.881986+00:00,2 < 8
ashby,cara-ai,cdx:jobs.ashbyhq.com:c,2026-09-13T02:00:50.310859+00:00,added,9,Cara,getcara.ai,2026-09-13T02:06:52.415322+00:00,domain from json-ld
ashby,carbonre,cdx:jobs.ashbyhq.com:c,2026-09-13T02:00:50.310883+00:00,reject_dead,0,,,2026-09-13T02:06:54.669078+00:00,http 404
ashby,carbonx,cdx:jobs.ashbyhq.com:c,2026-09-13T02:00:50.310924+00:00,reject_dead,0,,,2026-09-13T02:06:55.694149+00:00,board live but zero open jobs
ashby,carbyne,cdx:jobs.ashbyhq.com:c,2026-09-13T02:00:50.310966+00:00,reject_dead,0,,,2026-09-13T02:06:56.672221+00:00,http 404
ashby,cardboard,cdx:jobs.ashbyhq.com:c,2026-09-13T02:00:50.310977+00:00,reject_too_few,5,,,2026-09-13T02:06:57.668115+00:00,5 < 8
ashby,cardless,cdx:jobs.ashbyhq.com:c,2026-09-13T02:00:50.310995+00:00,added,25,Cardless,cardless.com,2026-09-13T02:06:59.094436+00:00,domain from json-ld
ashby,carecar,cdx:jobs.ashbyhq.com:c,2026-09-13T02:00:50.311273+00:00,reject_dead,0,,,2026-09-13T02:07:00.593267+00:00,http 404
ashby,careers.azx.io,cdx:jobs.ashbyhq.com:c,2026-09-13T02:00:50.311286+00:00,added,8,AZX,azx.io,2026-09-13T02:07:02.027038+00:00,domain from json-ld
ashby,careerstrengo,cdx:jobs.ashbyhq.com:c,2026-09-13T02:00:50.311434+00:00,reject_too_few,4,,,2026-09-13T02:07:02.792372+00:00,4 < 8
ashby,careerswift.ai,cdx:jobs.ashbyhq.com:c,2026-09-13T02:00:50.311466+00:00,added,125,Careerswift,careerswift.ai,2026-09-13T02:07:30.210102+00:00,domain from json-ld
ashby,caremessage,cdx:jobs.ashbyhq.com:c,2026-09-13T02:00:50.311524+00:00,reject_too_few,5,,,2026-09-13T02:07:31.338408+00:00,5 < 8
ashby,careswift,cdx:jobs.ashbyhq.com:c,2026-09-13T02:00:50.311534+00:00,reject_too_few,1,,,2026-09-13T02:07:32.340562+00:00,1 < 8
ashby,careway,cdx:jobs.ashbyhq.com:c,2026-09-13T02:00:50.311545+00:00,reject_too_few,3,,,2026-09-13T02:07:35.520121+00:00,3 < 8
ashby,cargado,cdx:jobs.ashbyhq.com:c,2026-09-13T02:00:50.311575+00:00,reject_too_few,1,,,2026-09-13T02:07:36.518174+00:00,1 < 8
ashby,cargo-one,cdx:jobs.ashbyhq.com:c,2026-09-13T02:00:50.311718+00:00,reject_too_few,2,,,2026-09-13T02:07:37.518672+00:00,2 < 8
ashby,caribou,cdx:jobs.ashbyhq.com:c,2026-09-13T02:00:50.312126+00:00,reject_too_few,3,,,2026-09-13T02:07:38.519153+00:00,3 < 8
ashby,carnot-ai,cdx:jobs.ashbyhq.com:c,2026-09-13T02:00:50.312304+00:00,added,9,Jinba.io,jinba.io,2026-09-13T02:07:40.387125+00:00,domain from json-ld
ashby,carrara,cdx:jobs.ashbyhq.com:c,2026-09-13T02:00:50.312396+00:00,reject_dead,0,,,2026-09-13T02:07:42.644206+00:00,board live but zero open jobs
ashby,carry,cdx:jobs.ashbyhq.com:c,2026-09-13T02:00:50.312409+00:00,reject_dead,0,,,2026-09-13T02:07:47.322980+00:00,http 404
ashby,cartesia,cdx:jobs.ashbyhq.com:c,2026-09-13T02:00:50.312523+00:00,added,31,Cartesia,cartesia.ai,2026-09-13T02:07:49.740061+00:00,domain from json-ld
ashby,cartloop,cdx:jobs.ashbyhq.com:c,2026-09-13T02:00:50.313368+00:00,reject_dead,0,,,2026-09-13T02:07:52.241065+00:00,http 404
ashby,carwow,cdx:jobs.ashbyhq.com:c,2026-09-13T02:00:50.313404+00:00,added,33,Carwow,carwow.co.uk,2026-09-13T02:07:54.730305+00:00,domain from json-ld
ashby,cas,cdx:jobs.ashbyhq.com:c,2026-09-13T02:00:50.314336+00:00,added,9,Cloud Accountant Staffing,cloudaccountantstaffing.com,2026-09-13T02:07:55.788363+00:00,domain from json-ld
ashby,casa,cdx:jobs.ashbyhq.com:c,2026-09-13T02:00:50.314403+00:00,added,17,Casa,getcasa.com,2026-09-13T02:07:56.758588+00:00,domain from json-ld
ashby,casap,cdx:jobs.ashbyhq.com:c,2026-09-13T02:00:50.314828+00:00,reject_dead,0,,,2026-09-13T02:07:59.139113+00:00,http 404
ashby,casca,cdx:jobs.ashbyhq.com:c,2026-09-13T02:00:50.314876+00:00,added,8,Casca,cascading.ai,2026-09-13T02:08:00.432259+00:00,domain from json-ld
ashby,casdin-capital,cdx:jobs.ashbyhq.com:c,2026-09-13T02:00:50.315154+00:00,reject_too_few,1,,,2026-09-13T02:08:02.593391+00:00,1 < 8
ashby,cased,cdx:jobs.ashbyhq.com:c,2026-09-13T02:00:50.315165+00:00,reject_dead,0,,,2026-09-13T02:08:05.504313+00:00,http 404
ashby,cashmereai,cdx:jobs.ashbyhq.com:c,2026-09-13T02:00:50.315176+00:00,reject_dead,0,,,2026-09-13T02:08:07.634327+00:00,http 404
ashby,casium,cdx:jobs.ashbyhq.com:c,2026-09-13T02:00:50.315199+00:00,reject_dead,0,,,2026-09-13T02:08:08.631703+00:00,board live but zero open jobs
ashby,cassidy,cdx:jobs.ashbyhq.com:c,2026-09-13T02:00:50.315218+00:00,reject_dead,0,,,2026-09-13T02:08:09.634758+00:00,http 404
ashby,cassihome,cdx:jobs.ashbyhq.com:c,2026-09-13T02:00:50.315243+00:00,reject_too_few,4,,,2026-09-13T02:08:10.932575+00:00,4 < 8
ashby,castle,cdx:jobs.ashbyhq.com:c,2026-09-13T02:00:50.315262+00:00,reject_too_few,2,,,2026-09-13T02:08:11.971813+00:00,2 < 8
ashby,catalog,cdx:jobs.ashbyhq.com:c,2026-09-13T02:00:50.315331+00:00,reject_too_few,2,,,2026-09-13T02:08:13.641760+00:00,2 < 8
ashby,catchafire,cdx:jobs.ashbyhq.com:c,2026-09-13T02:00:50.315355+00:00,reject_too_few,2,,,2026-09-13T02:08:14.655250+00:00,2 < 8
ashby,catchbio,cdx:jobs.ashbyhq.com:c,2026-09-13T02:00:50.315387+00:00,reject_dead,0,,,2026-09-13T02:08:15.646469+00:00,http 404
ashby,category-labs,cdx:jobs.ashbyhq.com:c,2026-09-13T02:00:50.315397+00:00,reject_too_few,4,,,2026-09-13T02:08:16.551275+00:00,4 < 8
ashby,catena-labs,cdx:jobs.ashbyhq.com:c,2026-09-13T02:00:50.315868+00:00,reject_dead,0,,,2026-09-13T02:08:19.848571+00:00,http 404
ashby,catena,cdx:jobs.ashbyhq.com:c,2026-09-13T02:00:50.315927+00:00,reject_too_few,4,,,2026-09-13T02:08:20.911214+00:00,4 < 8
ashby,catio,cdx:jobs.ashbyhq.com:c,2026-09-13T02:00:50.315945+00:00,reject_too_few,1,,,2026-09-13T02:08:22.743659+00:00,1 < 8
ashby,causal,cdx:jobs.ashbyhq.com:c,2026-09-13T02:00:50.316013+00:00,added,20,Causal Labs,causallabs.ai,2026-09-13T02:08:24.376324+00:00,domain from json-ld
ashby,causallabs,cdx:jobs.ashbyhq.com:c,2026-09-13T02:00:50.316023+00:00,reject_dead,0,,,2026-09-13T02:08:24.937009+00:00,http 404
ashby,causaly,cdx:jobs.ashbyhq.com:c,2026-09-13T02:00:50.316035+00:00,reject_too_few,5,,,2026-09-13T02:08:26.011275+00:00,5 < 8
ashby,cbai,cdx:jobs.ashbyhq.com:c,2026-09-13T02:00:50.316332+00:00,reject_too_few,7,,,2026-09-13T02:08:28.923388+00:00,7 < 8
ashby,cchn,cdx:jobs.ashbyhq.com:c,2026-09-13T02:00:50.316445+00:00,reject_too_few,1,,,2026-09-13T02:08:29.890513+00:00,1 < 8
ashby,ceartas,cdx:jobs.ashbyhq.com:c,2026-09-13T02:00:50.316473+00:00,reject_too_few,2,,,2026-09-13T02:08:31.830505+00:00,2 < 8
ashby,cedar,cdx:jobs.ashbyhq.com:c,2026-09-13T02:00:50.316489+00:00,reject_too_few,3,,,2026-09-13T02:08:32.835260+00:00,3 < 8
ashby,ceilix,cdx:jobs.ashbyhq.com:c,2026-09-13T02:00:50.316501+00:00,reject_too_few,2,,,2026-09-13T02:08:34.989432+00:00,2 < 8
ashby,cello,cdx:jobs.ashbyhq.com:c,2026-09-13T02:00:50.316531+00:00,reject_too_few,5,,,2026-09-13T02:08:37.409279+00:00,5 < 8
ashby,cellular-intelligence,cdx:jobs.ashbyhq.com:c,2026-09-13T02:00:50.316551+00:00,reject_too_few,3,,,2026-09-13T02:08:40.529520+00:00,3 < 8
ashby,census,cdx:jobs.ashbyhq.com:c,2026-09-13T02:00:50.316573+00:00,reject_dead,0,,,2026-09-13T02:08:42.389960+00:00,http 404
ashby,centari,cdx:jobs.ashbyhq.com:c,2026-09-13T02:00:50.316733+00:00,reject_too_few,5,,,2026-09-13T02:08:45.732808+00:00,5 < 8
ashby,center,cdx:jobs.ashbyhq.com:c,2026-09-13T02:00:50.317012+00:00,reject_dead,0,,,2026-09-13T02:08:51.555577+00:00,http 404
ashby,centerfield,cdx:jobs.ashbyhq.com:c,2026-09-13T02:00:50.317222+00:00,added,19,Centerfield,centerfield.com,2026-09-13T02:08:52.971324+00:00,domain from json-ld
ashby,centivo,cdx:jobs.ashbyhq.com:c,2026-09-13T02:00:50.317517+00:00,added,17,Centivo,centivo.com,2026-09-13T02:08:53.816542+00:00,domain from json-ld
ashby,centralhq,cdx:jobs.ashbyhq.com:c,2026-09-13T02:00:50.318591+00:00,reject_dead,0,,,2026-09-13T02:08:54.539959+00:00,http 404
ashby,centreforeffectivealtruism,cdx:jobs.ashbyhq.com:c,2026-09-13T02:00:50.318881+00:00,reject_too_few,4,,,2026-09-13T02:08:58.215902+00:00,4 < 8
ashby,centuro-global-careers,cdx:jobs.ashbyhq.com:c,2026-09-13T02:00:50.319468+00:00,reject_too_few,6,,,2026-09-13T02:09:01.657692+00:00,6 < 8
ashby,cerebras,cdx:jobs.ashbyhq.com:c,2026-09-13T02:00:50.319499+00:00,added,111,Cerebras Systems,cerebras.ai,2026-09-13T02:09:04.905834+00:00,domain from json-ld
ashby,ceremonia,cdx:jobs.ashbyhq.com:c,2026-09-13T02:00:50.320379+00:00,reject_dead,0,,,2026-09-13T02:09:05.502328+00:00,http 404
ashby,certifyos,cdx:jobs.ashbyhq.com:c,2026-09-13T02:00:50.320409+00:00,added,11,CertifyOS,certifyos.com,2026-09-13T02:09:08.011520+00:00,domain from json-ld
ashby,certn,cdx:jobs.ashbyhq.com:c,2026-09-13T02:00:50.320520+00:00,reject_dead,0,,,2026-09-13T02:09:32.882985+00:00,http 404
ashby,cerve,cdx:jobs.ashbyhq.com:c,2026-09-13T02:00:50.321026+00:00,reject_too_few,1,,,2026-09-13T02:09:36.178364+00:00,1 < 8
ashby,cfdx.io,cdx:jobs.ashbyhq.com:c,2026-09-13T02:00:50.321069+00:00,reject_dead,0,,,2026-09-13T02:09:39.645114+00:00,http 404
ashby,chai,cdx:jobs.ashbyhq.com:c,2026-09-13T02:00:50.321090+00:00,reject_dead,0,,,2026-09-13T02:09:41.861111+00:00,http 404
ashby,chaidis,cdx:jobs.ashbyhq.com:c,2026-09-13T02:00:50.321237+00:00,reject_dead,0,,,2026-09-13T02:09:44.024235+00:00,http 404
ashby,chaidiscovery,cdx:jobs.ashbyhq.com:c,2026-09-13T02:00:50.321250+00:00,added,15,Chai Discovery,chaidiscovery.com,2026-09-13T02:09:47.401960+00:00,domain from json-ld
ashby,chainalysis-careers,cdx:jobs.ashbyhq.com:c,2026-09-13T02:00:50.321542+00:00,added,48,Chainalysis,chainalysis.com,2026-09-13T02:14:27.123943+00:00,domain from page links
ashby,chainalysis-government-solutions,cdx:jobs.ashbyhq.com:c,2026-09-13T02:00:50.332269+00:00,added,8,Chainalysis Government Solutions,chainalysis.com,2026-09-13T02:14:31.292366+00:00,domain from json-ld
ashby,chainalysis,cdx:jobs.ashbyhq.com:c,2026-09-13T02:00:50.332321+00:00,reject_dead,0,,,2026-09-13T02:14:36.835292+00:00,http 404
ashby,chainlink-labs,cdx:jobs.ashbyhq.com:c,2026-09-13T02:00:50.332355+00:00,reject_dead,0,,,2026-09-13T02:14:41.213709+00:00,http 404
ashby,chainlinklabs,cdx:jobs.ashbyhq.com:c,2026-09-13T02:00:50.334125+00:00,reject_dead,0,,,2026-09-13T02:14:44.630214+00:00,http 404
ashby,chainopera,cdx:jobs.ashbyhq.com:c,2026-09-13T02:00:50.334352+00:00,reject_dead,0,,,2026-09-13T02:14:47.691448+00:00,http 404
ashby,chakra-labs,cdx:jobs.ashbyhq.com:c,2026-09-13T02:00:50.334372+00:00,reject_too_few,4,,,2026-09-13T02:14:52.787831+00:00,4 < 8
ashby,chalice,cdx:jobs.ashbyhq.com:c,2026-09-13T02:00:50.334382+00:00,reject_too_few,1,,,2026-09-13T02:14:55.730385+00:00,1 < 8
ashby,chalkboard,cdx:jobs.ashbyhq.com:c,2026-09-13T02:00:50.334411+00:00,reject_dead,0,,,2026-09-13T02:14:58.940545+00:00,board live but zero open jobs
ashby,chamber,cdx:jobs.ashbyhq.com:c,2026-09-13T02:00:50.334428+00:00,reject_dead,0,,,2026-09-13T02:15:02.051384+00:00,board live but zero open jobs
ashby,chambercardio,cdx:jobs.ashbyhq.com:c,2026-09-13T02:00:50.334444+00:00,reject_too_few,7,,,2026-09-13T02:15:05.502927+00:00,7 < 8
ashby,chamelio,cdx:jobs.ashbyhq.com:c,2026-09-13T02:00:50.334579+00:00,added,9,Chamelio,chamelio.ai,2026-09-13T02:15:09.344288+00:00,domain from json-ld
ashby,change,cdx:jobs.ashbyhq.com:c,2026-09-13T02:00:50.334589+00:00,reject_too_few,6,,,2026-09-13T02:15:12.291491+00:00,6 < 8
ashby,chapter,cdx:jobs.ashbyhq.com:c,2026-09-13T02:00:50.334658+00:00,reject_dead,0,,,2026-09-13T02:15:15.195915+00:00,board live but zero open jobs
ashby,character,cdx:jobs.ashbyhq.com:c,2026-09-13T02:00:50.334675+00:00,added,13,Character.AI,character.ai,2026-09-13T02:15:17.715417+00:00,domain from json-ld
ashby,characterbio,cdx:jobs.ashbyhq.com:c,2026-09-13T02:00:50.336043+00:00,reject_dead,0,,,2026-09-13T02:15:19.926140+00:00,http 404
ashby,charge-robotics,cdx:jobs.ashbyhq.com:c,2026-09-13T02:00:50.336381+00:00,added,14,Charge Robotics,chargerobotics.com,2026-09-13T02:15:22.279607+00:00,domain from json-ld
ashby,chariot,cdx:jobs.ashbyhq.com:c,2026-09-13T02:00:50.336560+00:00,added,18,Chariot,givechariot.com,2026-09-13T02:15:23.427414+00:00,domain from json-ld
ashby,chariotclaims,cdx:jobs.ashbyhq.com:c,2026-09-13T02:00:50.336572+00:00,reject_too_few,5,,,2026-09-13T02:15:24.318401+00:00,5 < 8
ashby,charlie,cdx:jobs.ashbyhq.com:c,2026-09-13T02:00:50.336659+00:00,reject_dead,0,,,2026-09-13T02:15:25.281057+00:00,http 404
ashby,charta-health,cdx:jobs.ashbyhq.com:c,2026-09-13T02:00:50.336710+00:00,reject_dead,0,,,2026-09-13T02:15:28.634410+00:00,http 404
ashby,chartahealth,cdx:jobs.ashbyhq.com:c,2026-09-13T02:00:50.336721+00:00,added,17,Charta Health,chartahealth.com,2026-09-13T02:15:30.009468+00:00,domain from json-ld
ashby,charthop,cdx:jobs.ashbyhq.com:c,2026-09-13T02:00:50.336745+00:00,reject_too_few,3,,,2026-09-13T02:15:32.846345+00:00,3 < 8
ashby,chartis,cdx:jobs.ashbyhq.com:c,2026-09-13T02:00:50.336789+00:00,added,33,Chartis,chartis.com,2026-09-13T02:15:35.170048+00:00,domain from json-ld
ashby,chatbase,cdx:jobs.ashbyhq.com:c,2026-09-13T02:00:50.336814+00:00,reject_too_few,3,,,2026-09-13T02:15:36.199835+00:00,3 < 8
ashby,chattermill,cdx:jobs.ashbyhq.com:c,2026-09-13T02:00:50.336858+00:00,reject_too_few,3,,,2026-09-13T02:15:38.462335+00:00,3 < 8
ashby,check-technologies,cdx:jobs.ashbyhq.com:c,2026-09-13T02:00:50.336902+00:00,added,18,Check,checkhq.com,2026-09-13T02:15:40.840949+00:00,domain from json-ld
ashby,checkatrade,cdx:jobs.ashbyhq.com:c,2026-09-13T02:00:50.336914+00:00,added,21,Checkatrade,checkatrade.com,2026-09-13T02:15:44.167889+00:00,domain from json-ld
ashby,checkly,cdx:jobs.ashbyhq.com:c,2026-09-13T02:00:50.337414+00:00,reject_too_few,4,,,2026-09-13T02:15:47.511632+00:00,4 < 8
ashby,checkout.com,cdx:jobs.ashbyhq.com:c,2026-09-13T02:00:50.338147+00:00,added,168,Checkout.com,checkout.com,2026-09-13T02:15:51.036075+00:00,domain from json-ld
ashby,chestnut,cdx:jobs.ashbyhq.com:c,2026-09-13T02:00:50.338550+00:00,reject_too_few,4,,,2026-09-13T02:15:51.619018+00:00,4 < 8
ashby,chief,cdx:jobs.ashbyhq.com:c,2026-09-13T02:00:50.338727+00:00,reject_too_few,4,,,2026-09-13T02:15:55.023277+00:00,4 < 8
ashby,chilipiper,cdx:jobs.ashbyhq.com:c,2026-09-13T02:00:50.339175+00:00,reject_too_few,3,,,2026-09-13T02:15:56.000606+00:00,3 < 8
ashby,chillchat,cdx:jobs.ashbyhq.com:c,2026-09-13T02:00:50.339522+00:00,reject_dead,0,,,2026-09-13T02:15:58.360305+00:00,http 404
ashby,chipstack,cdx:jobs.ashbyhq.com:c,2026-09-13T02:00:50.339626+00:00,reject_dead,0,,,2026-09-13T02:16:00.217357+00:00,http 404
ashby,choco,cdx:jobs.ashbyhq.com:c,2026-09-13T02:00:50.339850+00:00,added,8,Choco,choco.com,2026-09-13T02:16:03.862005+00:00,domain from json-ld
ashby,chromatic,cdx:jobs.ashbyhq.com:c,2026-09-13T02:00:50.340292+00:00,reject_too_few,7,,,2026-09-13T02:16:07.319102+00:00,7 < 8
ashby,chronosphere,cdx:jobs.ashbyhq.com:c,2026-09-13T02:00:50.340417+00:00,reject_dead,0,,,2026-09-13T02:16:09.562285+00:00,http 404
ashby,chronospherejobs,cdx:jobs.ashbyhq.com:c,2026-09-13T02:00:50.340433+00:00,reject_dead,0,,,2026-09-13T02:16:15.178233+00:00,board live but zero open jobs
ashby,cinder,cdx:jobs.ashbyhq.com:c,2026-09-13T02:00:50.341093+00:00,added,8,Cinder,cinder.ai,2026-09-13T02:16:19.391618+00:00,domain from json-ld
ashby,circle-health,cdx:jobs.ashbyhq.com:c,2026-09-13T02:00:50.341299+00:00,reject_dead,0,,,2026-09-13T02:16:20.234006+00:00,http 404
ashby,circleback,cdx:jobs.ashbyhq.com:c,2026-09-13T02:00:50.341312+00:00,added,11,Circleback,circleback.ai,2026-09-13T02:16:23.996231+00:00,domain from json-ld
ashby,circuithub,cdx:jobs.ashbyhq.com:c,2026-09-13T02:00:50.341321+00:00,added,9,CircuitHub,circuithub.com,2026-09-13T02:16:27.091656+00:00,domain from json-ld
ashby,circulareconomysystems,cdx:jobs.ashbyhq.com:c,2026-09-13T02:00:50.341360+00:00,reject_too_few,4,,,2026-09-13T02:16:27.836900+00:00,4 < 8
ashby,ciridae,cdx:jobs.ashbyhq.com:c,2026-09-13T02:00:50.341370+00:00,reject_too_few,6,,,2026-09-13T02:16:28.820417+00:00,6 < 8
ashby,ciroos,cdx:jobs.ashbyhq.com:c,2026-09-13T02:00:50.341379+00:00,added,8,Ciroos,ciroos.ai,2026-09-13T02:16:30.105959+00:00,domain from json-ld
ashby,citadel-ai,cdx:jobs.ashbyhq.com:c,2026-09-13T02:00:50.341513+00:00,reject_too_few,2,,,2026-09-13T02:16:38.914792+00:00,2 < 8
ashby,citisin,cdx:jobs.ashbyhq.com:c,2026-09-13T02:00:50.341592+00:00,reject_dead,0,,,2026-09-13T02:16:39.984218+00:00,http 404
ashby,citizen,cdx:jobs.ashbyhq.com:c,2026-09-13T02:00:50.341602+00:00,reject_too_few,4,,,2026-09-13T02:16:41.016352+00:00,4 < 8
ashby,civicmarketplace,cdx:jobs.ashbyhq.com:c,2026-09-13T02:00:50.342243+00:00,reject_too_few,1,,,2026-09-13T02:16:42.009914+00:00,1 < 8
ashby,civilgrid,cdx:jobs.ashbyhq.com:c,2026-09-13T02:00:50.342305+00:00,reject_too_few,4,,,2026-09-13T02:16:43.065945+00:00,4 < 8
ashby,claim-co,cdx:jobs.ashbyhq.com:c,2026-09-13T02:00:50.342526+00:00,reject_dead,0,,,2026-09-13T02:16:45.366745+00:00,http 404
ashby,claim-health,cdx:jobs.ashbyhq.com:c,2026-09-13T02:00:50.342637+00:00,added,8,Claim Health,claimhealth.com,2026-09-13T02:16:48.120889+00:00,domain from json-ld
ashby,claimsorted,cdx:jobs.ashbyhq.com:c,2026-09-13T02:00:50.342653+00:00,added,16,ClaimSorted,claimsorted.com,2026-09-13T02:16:51.815130+00:00,domain from json-ld
ashby,clair,cdx:jobs.ashbyhq.com:c,2026-09-13T02:00:50.342674+00:00,reject_too_few,7,,,2026-09-13T02:16:52.644758+00:00,7 < 8
ashby,clarasight,cdx:jobs.ashbyhq.com:c,2026-09-13T02:00:50.342805+00:00,added,13,Clarasight,clarasight.com,2026-09-13T02:16:54.014959+00:00,domain from json-ld
ashby,clarify,cdx:jobs.ashbyhq.com:c,2026-09-13T02:00:50.342901+00:00,reject_too_few,2,,,2026-09-13T02:17:02.244823+00:00,2 < 8
ashby,clarion,cdx:jobs.ashbyhq.com:c,2026-09-13T02:00:50.343107+00:00,added,11,Clarion,clarionhealth.com,2026-09-13T02:17:03.512380+00:00,domain from json-ld
ashby,clarisights,cdx:jobs.ashbyhq.com:c,2026-09-13T02:00:50.343176+00:00,reject_too_few,2,,,2026-09-13T02:17:04.262805+00:00,2 < 8
ashby,clarity,cdx:jobs.ashbyhq.com:c,2026-09-13T02:00:50.343336+00:00,reject_too_few,4,,,2026-09-13T02:17:06.279606+00:00,4 < 8
ashby,claritypay,cdx:jobs.ashbyhq.com:c,2026-09-13T02:00:50.343351+00:00,added,28,ClarityPay,claritypay.com,2026-09-13T02:17:07.701872+00:00,domain from json-ld
ashby,claritypediatrics,cdx:jobs.ashbyhq.com:c,2026-09-13T02:00:50.343395+00:00,added,24,Clarity Pediatrics,claritypediatrics.com,2026-09-13T02:17:09.796131+00:00,domain from json-ld
ashby,clarium,cdx:jobs.ashbyhq.com:c,2026-09-13T02:00:50.343616+00:00,added,8,Clarium,clariumhealth.com,2026-09-13T02:17:11.622555+00:00,domain from json-ld
ashby,clark,cdx:jobs.ashbyhq.com:c,2026-09-13T02:00:50.343719+00:00,added,15,Clark,getclark.com,2026-09-13T02:17:13.206369+00:00,domain from json-ld
ashby,claryo,cdx:jobs.ashbyhq.com:c,2026-09-13T02:00:50.343728+00:00,reject_too_few,5,,,2026-09-13T02:17:13.835802+00:00,5 < 8
ashby,clasp,cdx:jobs.ashbyhq.com:c,2026-09-13T02:00:50.343744+00:00,reject_too_few,5,,,2026-09-13T02:17:16.860288+00:00,5 < 8
ashby,clasp-group,cdx:jobs.ashbyhq.com:c,2026-09-13T02:00:50.343752+00:00,added,11,Clasp,clasp.com,2026-09-13T02:17:20.129533+00:00,domain from json-ld
ashby,classavo,cdx:jobs.ashbyhq.com:c,2026-09-13T02:00:50.343833+00:00,reject_dead,0,,,2026-09-13T02:17:20.797796+00:00,board live but zero open jobs
ashby,classdojo,cdx:jobs.ashbyhq.com:c,2026-09-13T02:00:50.343850+00:00,added,10,ClassDojo,classdojo.com,2026-09-13T02:17:22.044716+00:00,domain from json-ld
ashby,claylabs,cdx:jobs.ashbyhq.com:c,2026-09-13T02:00:50.344407+00:00,already_in_targets,,,,,present in --out
ashby,clean-nutraceuticals,cdx:jobs.ashbyhq.com:c,2026-09-13T02:00:50.345914+00:00,reject_dead,0,,,2026-09-13T02:17:23.774111+00:00,http 404
ashby,clearbank,cdx:jobs.ashbyhq.com:c,2026-09-13T02:00:50.345937+00:00,added,10,ClearBank,clear.bank,2026-09-13T02:17:26.365164+00:00,domain from json-ld
ashby,clearco,cdx:jobs.ashbyhq.com:c,2026-09-13T02:00:50.346444+00:00,reject_too_few,3,,,2026-09-13T02:17:27.030143+00:00,3 < 8
ashby,clearly-ai,cdx:jobs.ashbyhq.com:c,2026-09-13T02:00:50.346794+00:00,reject_too_few,1,,,2026-09-13T02:17:28.024994+00:00,1 < 8
ashby,clearvector,cdx:jobs.ashbyhq.com:c,2026-09-13T02:00:50.346823+00:00,reject_too_few,4,,,2026-09-13T02:17:29.060050+00:00,4 < 8
ashby,clera,cdx:jobs.ashbyhq.com:c,2026-09-13T02:00:50.346873+00:00,added,280,Clera,getclera.com,2026-09-13T02:17:32.102254+00:00,domain from json-ld
ashby,cleric,cdx:jobs.ashbyhq.com:c,2026-09-13T02:00:50.348512+00:00,reject_too_few,1,,,2026-09-13T02:17:35.061026+00:00,1 < 8
ashby,clerk,cdx:jobs.ashbyhq.com:c,2026-09-13T02:00:50.348695+00:00,reject_too_few,1,,,2026-09-13T02:17:36.084353+00:00,1 < 8
ashby,clerky,cdx:jobs.ashbyhq.com:c,2026-09-13T02:00:50.349154+00:00,reject_dead,0,,,2026-09-13T02:17:39.733416+00:00,http 404
ashby,clickhouse,cdx:jobs.ashbyhq.com:c,2026-09-13T02:00:50.349167+00:00,added,187,ClickHouse,clickhouse.com,2026-09-13T02:17:42.585652+00:00,domain from json-ld
ashby,clicklease,cdx:jobs.ashbyhq.com:c,2026-09-13T02:00:50.349231+00:00,reject_dead,0,,,2026-09-13T02:17:43.149496+00:00,http 404
ashby,clickup,cdx:jobs.ashbyhq.com:c,2026-09-13T02:00:50.349399+00:00,added,62,ClickUp,clickup.com,2026-09-13T02:17:45.788328+00:00,domain from json-ld
ashby,climate-finance-solutions,cdx:jobs.ashbyhq.com:c,2026-09-13T02:00:50.350737+00:00,reject_too_few,7,,,2026-09-13T02:17:46.420175+00:00,7 < 8
ashby,climatiq,cdx:jobs.ashbyhq.com:c,2026-09-13T02:00:50.350780+00:00,reject_too_few,2,,,2026-09-13T02:17:47.400963+00:00,2 < 8
ashby,clinicallyai,cdx:jobs.ashbyhq.com:c,2026-09-13T02:00:50.350808+00:00,reject_too_few,6,,,2026-09-13T02:17:49.843033+00:00,6 < 8
ashby,clipboard,cdx:jobs.ashbyhq.com:c,2026-09-13T02:00:50.350856+00:00,added,34,Clipboard,clipboardworks.com,2026-09-13T02:17:53.821345+00:00,domain from json-ld
ashby,clipbook,cdx:jobs.ashbyhq.com:c,2026-09-13T02:00:50.351592+00:00,added,9,Clipbook,clipbook.com,2026-09-13T02:17:55.071395+00:00,domain from json-ld
ashby,cloaked,cdx:jobs.ashbyhq.com:c,2026-09-13T02:00:50.351778+00:00,added,13,Cloaked,cloaked.com,2026-09-13T02:17:56.107776+00:00,domain from json-ld
ashby,close,cdx:jobs.ashbyhq.com:c,2026-09-13T02:00:50.351789+00:00,reject_too_few,7,,,2026-09-13T02:17:58.117598+00:00,7 < 8
ashby,closetamerica,cdx:jobs.ashbyhq.com:c,2026-09-13T02:00:50.352139+00:00,reject_dead,0,,,2026-09-13T02:18:02.849485+00:00,board live but zero open jobs
ashby,closingtheory,cdx:jobs.ashbyhq.com:c,2026-09-13T02:00:50.352156+00:00,reject_dead,0,,,2026-09-13T02:18:03.864799+00:00,http 404
ashby,cloud9,cdx:jobs.ashbyhq.com:c,2026-09-13T02:00:50.352165+00:00,reject_dead,0,,,2026-09-13T02:18:08.388660+00:00,http 404
ashby,cloudscaler,cdx:jobs.ashbyhq.com:c,2026-09-13T02:00:50.352174+00:00,added,9,Cloudscaler,cloudscaler.com,2026-09-13T02:18:10.901685+00:00,domain from json-ld
ashby,cloudtrucks,cdx:jobs.ashbyhq.com:c,2026-09-13T02:00:50.352261+00:00,reject_too_few,3,,,2026-09-13T02:18:11.563727+00:00,3 < 8
ashby,cloudzero,cdx:jobs.ashbyhq.com:c,2026-09-13T02:00:50.352996+00:00,added,15,CloudZero,cloudzero.com,2026-09-13T02:18:13.124757+00:00,domain from json-ld
ashby,clove,cdx:jobs.ashbyhq.com:c,2026-09-13T02:00:50.353582+00:00,reject_dead,0,,,2026-09-13T02:18:13.906698+00:00,http 404
ashby,clover-sonoma,cdx:jobs.ashbyhq.com:c,2026-09-13T02:00:50.353681+00:00,reject_too_few,2,,,2026-09-13T02:18:14.966595+00:00,2 < 8
ashby,clubhouse,cdx:jobs.ashbyhq.com:c,2026-09-13T02:00:50.353693+00:00,reject_too_few,5,,,2026-09-13T02:18:16.174490+00:00,5 < 8
ashby,cluby,cdx:jobs.ashbyhq.com:c,2026-09-13T02:00:50.353751+00:00,reject_dead,0,,,2026-09-13T02:18:17.384276+00:00,http 404
ashby,cluely,cdx:jobs.ashbyhq.com:c,2026-09-13T02:00:50.353762+00:00,reject_too_few,4,,,2026-09-13T02:18:20.636615+00:00,4 < 8
ashby,cmi,cdx:jobs.ashbyhq.com:c,2026-09-13T02:00:50.353983+00:00,reject_dead,0,,,2026-09-13T02:18:21.647509+00:00,http 404
ashby,cmr.london,cdx:jobs.ashbyhq.com:c,2026-09-13T02:00:50.354004+00:00,added,35,Cooper Moss Rutland,cmr.london,2026-09-13T02:18:23.828028+00:00,domain from json-ld
ashby,coactive,cdx:jobs.ashbyhq.com:c,2026-09-13T02:00:50.354533+00:00,reject_dead,0,,,2026-09-13T02:18:24.485211+00:00,board live but zero open jobs
ashby,coalesce,cdx:jobs.ashbyhq.com:c,2026-09-13T02:00:50.354694+00:00,reject_dead,0,,,2026-09-13T02:18:25.486397+00:00,board live but zero open jobs
ashby,coastal,cdx:jobs.ashbyhq.com:c,2026-09-13T02:00:50.354881+00:00,added,14,Coastal Community Bank,coastalbank.com,2026-09-13T02:18:27.220651+00:00,domain from json-ld
ashby,coastal-carbon,cdx:jobs.ashbyhq.com:c,2026-09-13T02:00:50.354895+00:00,reject_dead,0,,,2026-09-13T02:18:27.913043+00:00,http 404
ashby,cobaltid,cdx:jobs.ashbyhq.com:c,2026-09-13T02:00:50.355035+00:00,reject_dead,0,,,2026-09-13T02:18:35.584297+00:00,http 404
ashby,cobot,cdx:jobs.ashbyhq.com:c,2026-09-13T02:00:50.355046+00:00,added,12,Cobot,co.bot,2026-09-13T02:18:37.841662+00:00,domain from json-ld
ashby,cococart,cdx:jobs.ashbyhq.com:c,2026-09-13T02:00:50.355335+00:00,reject_dead,0,,,2026-09-13T02:18:38.505518+00:00,http 404
ashby,cocodelivery,cdx:jobs.ashbyhq.com:c,2026-09-13T02:00:50.355348+00:00,added,12,Coco,cocodelivery.com,2026-09-13T02:18:40.903362+00:00,domain from json-ld
ashby,cocreate,cdx:jobs.ashbyhq.com:c,2026-09-13T02:00:50.355840+00:00,reject_dead,0,,,2026-09-13T02:18:43.002098+00:00,http 404
ashby,codametrix,cdx:jobs.ashbyhq.com:c,2026-09-13T02:00:50.355971+00:00,reject_too_few,1,,,2026-09-13T02:18:44.065624+00:00,1 < 8
ashby,codat,cdx:jobs.ashbyhq.com:c,2026-09-13T02:00:50.355988+00:00,reject_too_few,4,,,2026-09-13T02:18:46.348529+00:00,4 < 8
ashby,code-metal,cdx:jobs.ashbyhq.com:c,2026-09-13T02:00:50.356267+00:00,added,38,Code Metal,codemetal.ai,2026-09-13T02:18:47.720107+00:00,domain from json-ld
ashby,codegen,cdx:jobs.ashbyhq.com:c,2026-09-13T02:00:50.356427+00:00,reject_dead,0,,,2026-09-13T02:18:48.550652+00:00,http 404
ashby,codeium,cdx:jobs.ashbyhq.com:c,2026-09-13T02:00:50.356469+00:00,reject_dead,0,,,2026-09-13T02:18:49.565585+00:00,http 404
ashby,coder,cdx:jobs.ashbyhq.com:c,2026-09-13T02:00:50.356645+00:00,added,30,Coder,coder.com,2026-09-13T02:18:53.169870+00:00,domain from json-ld
ashby,coderabbit,cdx:jobs.ashbyhq.com:c,2026-09-13T02:00:50.357548+00:00,added,45,CodeRabbit,coderabbit.ai,2026-09-13T02:18:54.122399+00:00,domain from json-ld
ashby,codes-health,cdx:jobs.ashbyhq.com:c,2026-09-13T02:00:50.358344+00:00,added,13,Codes Health,getcodeshealth.com,2026-09-13T02:18:55.115645+00:00,domain from json-ld
ashby,codesphere,cdx:jobs.ashbyhq.com:c,2026-09-13T02:00:50.358416+00:00,added,10,Codesphere,codesphere.com,2026-09-13T02:18:59.091996+00:00,domain from json-ld
ashby,codex,cdx:jobs.ashbyhq.com:c,2026-09-13T02:00:50.358425+00:00,reject_too_few,6,,,2026-09-13T02:19:01.518471+00:00,6 < 8
ashby,coefficientgiving,cdx:jobs.ashbyhq.com:c,2026-09-13T02:00:50.358440+00:00,reject_too_few,2,,,2026-09-13T02:19:03.459597+00:00,2 < 8
ashby,coframe,cdx:jobs.ashbyhq.com:c,2026-09-13T02:00:50.358728+00:00,added,14,Coframe,coframe.com,2026-09-13T02:19:07.064572+00:00,domain from json-ld
ashby,cogent-security,cdx:jobs.ashbyhq.com:c,2026-09-13T02:00:50.358869+00:00,added,31,Cogent Security,cogent.security,2026-09-13T02:19:07.951489+00:00,domain from json-ld
ashby,cognition,cdx:jobs.ashbyhq.com:c,2026-09-13T02:00:50.358993+00:00,already_in_targets,,,,,present in --out
ashby,cohere,cdx:jobs.ashbyhq.com:c,2026-09-13T02:00:50.362659+00:00,added,145,Cohere,cohere.com,2026-09-13T02:19:10.551577+00:00,domain from json-ld
ashby,coinflow,cdx:jobs.ashbyhq.com:c,2026-09-13T02:00:50.373594+00:00,added,14,Coinflow,coinflow.cash,2026-09-13T02:19:11.462401+00:00,domain from json-ld
ashby,coinhako,cdx:jobs.ashbyhq.com:c,2026-09-13T02:00:50.373662+00:00,added,9,Coinhako,coinhako.com,2026-09-13T02:19:12.667023+00:00,domain from json-ld
ashby,cointracker,cdx:jobs.ashbyhq.com:c,2026-09-13T02:00:50.373935+00:00,reject_dead,0,,,2026-09-13T02:19:13.449725+00:00,board live but zero open jobs
ashby,coldstartventures,cdx:jobs.ashbyhq.com:c,2026-09-13T02:00:50.375546+00:00,reject_dead,0,,,2026-09-13T02:19:16.666584+00:00,http 404
ashby,collective,cdx:jobs.ashbyhq.com:c,2026-09-13T02:00:50.375571+00:00,added,13,Collective,collective.com,2026-09-13T02:19:20.362354+00:00,domain from json-ld
ashby,collegevine.com,cdx:jobs.ashbyhq.com:c,2026-09-13T02:00:50.375706+00:00,reject_dead,0,,,2026-09-13T02:19:21.028431+00:00,http 404
ashby,collider,cdx:jobs.ashbyhq.com:c,2026-09-13T02:00:50.375787+00:00,reject_too_few,2,,,2026-09-13T02:19:22.438979+00:00,2 < 8
ashby,colonist,cdx:jobs.ashbyhq.com:c,2026-09-13T02:00:50.375803+00:00,reject_too_few,7,,,2026-09-13T02:19:23.482928+00:00,7 < 8
ashby,color-health,cdx:jobs.ashbyhq.com:c,2026-09-13T02:00:50.376066+00:00,added,17,Color Health,color.com,2026-09-13T02:19:24.761160+00:00,domain from json-ld
ashby,column,cdx:jobs.ashbyhq.com:c,2026-09-13T02:00:50.376077+00:00,added,18,Column,column.com,2026-09-13T02:19:25.960497+00:00,domain from json-ld
ashby,columntax,cdx:jobs.ashbyhq.com:c,2026-09-13T02:00:50.376726+00:00,reject_dead,0,,,2026-09-13T02:19:26.751465+00:00,board live but zero open jobs
ashby,comand-ai,cdx:jobs.ashbyhq.com:c,2026-09-13T02:00:50.376858+00:00,added,12,Comand AI,comand.ai,2026-09-13T02:19:27.947048+00:00,domain from json-ld
ashby,comfy-org,cdx:jobs.ashbyhq.com:c,2026-09-13T02:00:50.377097+00:00,added,9,Comfy,comfy.org,2026-09-13T02:19:29.097097+00:00,domain from json-ld
ashby,comind,cdx:jobs.ashbyhq.com:c,2026-09-13T02:00:50.377749+00:00,added,10,CoMind,comind.io,2026-09-13T02:19:31.522777+00:00,domain from json-ld
ashby,comity,cdx:jobs.ashbyhq.com:c,2026-09-13T02:00:50.378131+00:00,reject_too_few,5,,,2026-09-13T02:19:33.441169+00:00,5 < 8
ashby,comm,cdx:jobs.ashbyhq.com:c,2026-09-13T02:00:50.378354+00:00,reject_dead,0,,,2026-09-13T02:19:34.771493+00:00,http 404
ashby,commandbar,cdx:jobs.ashbyhq.com:c,2026-09-13T02:00:50.378405+00:00,reject_dead,0,,,2026-09-13T02:19:35.797617+00:00,http 404
ashby,commit,cdx:jobs.ashbyhq.com:c,2026-09-13T02:00:50.378516+00:00,reject_dead,0,,,2026-09-13T02:19:38.228906+00:00,http 404
ashby,common-fund,cdx:jobs.ashbyhq.com:c,2026-09-13T02:00:50.378549+00:00,reject_too_few,2,,,2026-09-13T02:19:40.129158+00:00,2 < 8
ashby,commonroom,cdx:jobs.ashbyhq.com:c,2026-09-13T02:00:50.378610+00:00,reject_dead,0,,,2026-09-13T02:19:41.064232+00:00,http 404
ashby,commons,cdx:jobs.ashbyhq.com:c,2026-09-13T02:00:50.379150+00:00,reject_dead,0,,,2026-09-13T02:19:42.085937+00:00,board live but zero open jobs
ashby,commonware,cdx:jobs.ashbyhq.com:c,2026-09-13T02:00:50.379388+00:00,reject_too_few,1,,,2026-09-13T02:19:44.507054+00:00,1 < 8
ashby,commsor,cdx:jobs.ashbyhq.com:c,2026-09-13T02:00:50.379431+00:00,reject_dead,0,,,2026-09-13T02:19:45.508399+00:00,http 404
ashby,community-preservation-corporation,cdx:jobs.ashbyhq.com:c,2026-09-13T02:00:50.379545+00:00,added,16,The Community Preservation Corporation,communityp.com,2026-09-13T02:19:47.308912+00:00,domain from json-ld
ashby,communitypho...,cdx:jobs.ashbyhq.com:c,2026-09-13T02:00:50.379570+00:00,reject_dead,0,,,2026-09-13T02:19:48.184027+00:00,http 404
ashby,communityphone,cdx:jobs.ashbyhq.com:c,2026-09-13T02:00:50.379583+00:00,reject_dead,0,,,2026-09-13T02:19:49.195231+00:00,http 404
ashby,commure,cdx:jobs.ashbyhq.com:c,2026-09-13T02:00:50.379907+00:00,added,83,Commure,commure.com,2026-09-13T02:19:50.734617+00:00,domain from json-ld
ashby,commure-athelas,cdx:jobs.ashbyhq.com:c,2026-09-13T02:00:50.379928+00:00,reject_dead,0,,,2026-09-13T02:19:53.542332+00:00,http 404
ashby,compa,cdx:jobs.ashbyhq.com:c,2026-09-13T02:00:50.385718+00:00,reject_too_few,3,,,2026-09-13T02:19:56.783978+00:00,3 < 8
ashby,compass-reg,cdx:jobs.ashbyhq.com:c,2026-09-13T02:00:50.386056+00:00,reject_dead,0,,,2026-09-13T02:20:06.103564+00:00,http 404
ashby,compass-surgical-partners,cdx:jobs.ashbyhq.com:c,2026-09-13T02:00:50.386091+00:00,added,23,Compass Surgical Partners,compass-sp.com,2026-09-13T02:26:48.881756+00:00,domain from json-ld; re-resolved
ashby,complement,cdx:jobs.ashbyhq.com:c,2026-09-13T02:00:50.386118+00:00,reject_too_few,1,,,2026-09-13T02:20:10.663732+00:00,1 < 8
ashby,complete,cdx:jobs.ashbyhq.com:c,2026-09-13T02:00:50.386128+00:00,reject_too_few,7,,,2026-09-13T02:20:11.668606+00:00,7 < 8
ashby,composio,cdx:jobs.ashbyhq.com:c,2026-09-13T02:00:50.386165+00:00,added,31,Composio,composio.dev,2026-09-13T02:20:15.336829+00:00,domain from json-ld
ashby,composite,cdx:jobs.ashbyhq.com:c,2026-09-13T02:00:50.386242+00:00,reject_too_few,1,,,2026-09-13T02:20:17.366410+00:00,1 < 8
ashby,compound,cdx:jobs.ashbyhq.com:c,2026-09-13T02:00:50.386252+00:00,reject_too_few,7,,,2026-09-13T02:20:25.428514+00:00,7 < 8
ashby,compound-eye,cdx:jobs.ashbyhq.com:c,2026-09-13T02:00:50.386322+00:00,reject_too_few,3,,,2026-09-13T02:20:26.702595+00:00,3 < 8
ashby,compscience,cdx:jobs.ashbyhq.com:c,2026-09-13T02:00:50.386425+00:00,reject_too_few,2,,,2026-09-13T02:20:35.411824+00:00,2 < 8
ashby,compyl,cdx:jobs.ashbyhq.com:c,2026-09-13T02:00:50.386712+00:00,reject_too_few,4,,,2026-09-13T02:20:36.365400+00:00,4 < 8
ashby,comstruct,cdx:jobs.ashbyhq.com:c,2026-09-13T02:00:50.386760+00:00,added,12,comstruct ICT,comstruct.com,2026-09-13T02:20:37.653211+00:00,domain from json-ld
ashby,comulate,cdx:jobs.ashbyhq.com:c,2026-09-13T02:00:50.386890+00:00,reject_dead,0,,,2026-09-13T02:20:43.355423+00:00,http 404
ashby,comun,cdx:jobs.ashbyhq.com:c,2026-09-13T02:00:50.387030+00:00,reject_too_few,6,,,2026-09-13T02:20:57.895781+00:00,6 < 8
ashby,conception,cdx:jobs.ashbyhq.com:c,2026-09-13T02:00:50.387362+00:00,reject_too_few,6,,,2026-09-13T02:21:01.847666+00:00,6 < 8
ashby,concourse,cdx:jobs.ashbyhq.com:c,2026-09-13T02:00:50.387681+00:00,reject_too_few,7,,,2026-09-13T02:21:03.455556+00:00,7 < 8
ashby,concoursetech,cdx:jobs.ashbyhq.com:c,2026-09-13T02:00:50.387833+00:00,added,9,Concourse,concoursetech.com,2026-09-13T02:21:04.831283+00:00,domain from json-ld
ashby,condor-software,cdx:jobs.ashbyhq.com:c,2026-09-13T02:00:50.387853+00:00,reject_too_few,6,,,2026-09-13T02:21:08.185635+00:00,6 < 8
ashby,conduct,cdx:jobs.ashbyhq.com:c,2026-09-13T02:00:50.387890+00:00,added,13,Conduct,conduct.ai,2026-09-13T02:21:13.524642+00:00,domain from json-ld
ashby,conductorai,cdx:jobs.ashbyhq.com:c,2026-09-13T02:00:50.388312+00:00,reject_too_few,6,,,2026-09-13T02:21:14.196743+00:00,6 < 8
ashby,conductorone,cdx:jobs.ashbyhq.com:c,2026-09-13T02:00:50.388484+00:00,reject_dead,0,,,2026-09-13T02:21:15.446351+00:00,http 404
ashby,conduit,cdx:jobs.ashbyhq.com:c,2026-09-13T02:00:50.389135+00:00,reject_too_few,1,,,2026-09-13T02:21:17.703299+00:00,1 < 8
ashby,conduit-health,cdx:jobs.ashbyhq.com:c,2026-09-13T02:00:50.389151+00:00,added,12,Conduit Health,conduithealth.com,2026-09-13T02:21:20.436962+00:00,domain from json-ld
ashby,conduit-venture-labs,cdx:jobs.ashbyhq.com:c,2026-09-13T02:00:50.389342+00:00,reject_dead,0,,,2026-09-13T02:21:21.076376+00:00,http 404
ashby,condukt,cdx:jobs.ashbyhq.com:c,2026-09-13T02:00:50.389898+00:00,reject_too_few,4,,,2026-09-13T02:21:22.252291+00:00,4 < 8
ashby,conetic-group,cdx:jobs.ashbyhq.com:c,2026-09-13T02:00:50.389908+00:00,reject_too_few,4,,,2026-09-13T02:21:23.554437+00:00,4 < 8
ashby,confiant,cdx:jobs.ashbyhq.com:c,2026-09-13T02:00:50.389917+00:00,reject_too_few,2,,,2026-09-13T02:21:24.520812+00:00,2 < 8
ashby,confido,cdx:jobs.ashbyhq.com:c,2026-09-13T02:00:50.389942+00:00,added,33,Confido,confidotech.com,2026-09-13T02:21:25.866629+00:00,domain from json-ld
ashby,confluent,cdx:jobs.ashbyhq.com:c,2026-09-13T02:00:50.389968+00:00,added,21,Confluent,confluent.io,2026-09-13T02:21:27.037044+00:00,domain from json-ld
ashby,confusioncapital,cdx:jobs.ashbyhq.com:c,2026-09-13T02:00:50.391621+00:00,reject_dead,0,,,2026-09-13T02:21:27.704944+00:00,board live but zero open jobs
ashby,connecthum,cdx:jobs.ashbyhq.com:c,2026-09-13T02:00:50.391639+00:00,reject_dead,0,,,2026-09-13T02:21:28.699236+00:00,http 404
ashby,connectly,cdx:jobs.ashbyhq.com:c,2026-09-13T02:00:50.391666+00:00,reject_too_few,6,,,2026-09-13T02:21:29.726146+00:00,6 < 8
ashby,conquest,cdx:jobs.ashbyhq.com:c,2026-09-13T02:00:50.391675+00:00,reject_too_few,3,,,2026-09-13T02:21:30.740138+00:00,3 < 8
ashby,conscious-talent,cdx:jobs.ashbyhq.com:c,2026-09-13T02:00:50.391683+00:00,reject_dead,0,,,2026-09-13T02:21:31.717340+00:00,http 404
ashby,console,cdx:jobs.ashbyhq.com:c,2026-09-13T02:00:50.391725+00:00,reject_dead,0,,,2026-09-13T02:21:34.122708+00:00,board live but zero open jobs
ashby,constellationspace,cdx:jobs.ashbyhq.com:c,2026-09-13T02:00:50.391920+00:00,reject_too_few,4,,,2026-09-13T02:21:35.097306+00:00,4 < 8
ashby,constructor,cdx:jobs.ashbyhq.com:c,2026-09-13T02:00:50.391935+00:00,added,48,Constructor,constructor.io,2026-09-13T02:21:38.466240+00:00,domain from json-ld
ashby,contentoo,cdx:jobs.ashbyhq.com:c,2026-09-13T02:00:50.392114+00:00,reject_too_few,3,,,2026-09-13T02:21:39.040251+00:00,3 < 8
ashby,context,cdx:jobs.ashbyhq.com:c,2026-09-13T02:00:50.392301+00:00,reject_too_few,4,,,2026-09-13T02:21:42.919459+00:00,4 < 8
ashby,continua,cdx:jobs.ashbyhq.com:c,2026-09-13T02:00:50.392344+00:00,reject_dead,0,,,2026-09-13T02:21:43.922336+00:00,http 404
ashby,continue,cdx:jobs.ashbyhq.com:c,2026-09-13T02:00:50.392432+00:00,reject_dead,0,,,2026-09-13T02:21:46.461213+00:00,http 404
ashby,continuum,cdx:jobs.ashbyhq.com:c,2026-09-13T02:00:50.392481+00:00,reject_dead,0,,,2026-09-13T02:21:47.474061+00:00,http 404
ashby,contoro,cdx:jobs.ashbyhq.com:c,2026-09-13T02:00:50.392490+00:00,added,9,Contoro Inc.,contoro.com,2026-09-13T02:21:49.998201+00:00,domain from json-ld
ashby,contra,cdx:jobs.ashbyhq.com:c,2026-09-13T02:00:50.392695+00:00,reject_too_few,5,,,2026-09-13T02:21:53.634372+00:00,5 < 8
ashby,contrast-security,cdx:jobs.ashbyhq.com:c,2026-09-13T02:00:50.392754+00:00,reject_dead,0,,,2026-09-13T02:21:55.706707+00:00,board live but zero open jobs
ashby,contribution-labs,cdx:jobs.ashbyhq.com:c,2026-09-13T02:00:50.392913+00:00,reject_dead,0,,,2026-09-13T02:21:56.625848+00:00,http 404
ashby,conveo,cdx:jobs.ashbyhq.com:c,2026-09-13T02:00:50.392923+00:00,added,16,Conveo.ai,conveo.ai,2026-09-13T02:24:31.309238+00:00,domain from json-ld
ashby,convergence-ai,cdx:jobs.ashbyhq.com:c,2026-09-13T02:00:50.393130+00:00,reject_dead,0,,,2026-09-13T02:24:35.372849+00:00,http 404
ashby,conversion,cdx:jobs.ashbyhq.com:c,2026-09-13T02:00:50.393158+00:00,added,11,Conversion,conversion.ai,2026-09-13T02:24:38.781173+00:00,domain from json-ld
ashby,convex-dev,cdx:jobs.ashbyhq.com:c,2026-09-13T02:00:50.393341+00:00,added,13,Convex,convex.dev,2026-09-13T02:24:41.509500+00:00,domain from json-ld
ashby,convey,cdx:jobs.ashbyhq.com:c,2026-09-13T02:00:50.393434+00:00,reject_too_few,4,,,2026-09-13T02:24:44.315499+00:00,4 < 8
ashby,convictional,cdx:jobs.ashbyhq.com:c,2026-09-13T02:00:50.393521+00:00,reject_dead,0,,,2026-09-13T02:24:47.116069+00:00,http 404
ashby,cooper-ai,cdx:jobs.ashbyhq.com:c,2026-09-13T02:00:50.393566+00:00,added,12,Cooper AI,askcooper.ai,2026-09-13T02:26:53.251785+00:00,domain from json-ld; re-resolved
ashby,coperniq,cdx:jobs.ashbyhq.com:c,2026-09-13T02:00:50.393575+00:00,reject_too_few,1,,,2026-09-13T02:24:52.765930+00:00,1 < 8
ashby,copilot,cdx:jobs.ashbyhq.com:c,2026-09-13T02:00:50.393645+00:00,reject_dead,0,,,2026-09-13T02:24:56.196112+00:00,http 404
ashby,copilot-money,cdx:jobs.ashbyhq.com:c,2026-09-13T02:00:50.393655+00:00,reject_too_few,4,,,2026-09-13T02:24:58.280587+00:00,4 < 8
ashby,coral,cdx:jobs.ashbyhq.com:c,2026-09-13T02:00:50.393865+00:00,reject_dead,0,,,2026-09-13T02:24:59.279137+00:00,http 404
ashby,coralai,cdx:jobs.ashbyhq.com:c,2026-09-13T02:00:50.394091+00:00,added,8,Coral AI,trycoral.ai,2026-09-13T02:26:54.339986+00:00,domain from json-ld; re-resolved
ashby,coram-ai,cdx:jobs.ashbyhq.com:c,2026-09-13T02:00:50.394130+00:00,added,44,Coram AI,coram.ai,2026-09-13T02:25:03.069231+00:00,domain from json-ld
ashby,coreflow,cdx:jobs.ashbyhq.com:c,2026-09-13T02:00:50.395117+00:00,added,11,coreflow,coreflow.dev,2026-09-13T02:25:04.151021+00:00,domain from json-ld
ashby,coreoftheheart,cdx:jobs.ashbyhq.com:c,2026-09-13T02:00:50.395337+00:00,added,9,Core of the Heart,coreoftheheart.com,2026-09-13T02:25:07.204637+00:00,domain from json-ld
ashby,coreplan,cdx:jobs.ashbyhq.com:c,2026-09-13T02:00:50.395366+00:00,reject_too_few,7,,,2026-09-13T02:25:07.970265+00:00,7 < 8
ashby,coretylynt,cdx:jobs.ashbyhq.com:c,2026-09-13T02:00:50.395490+00:00,reject_dead,0,,,2026-09-13T02:25:11.957993+00:00,http 404
ashby,corevc,cdx:jobs.ashbyhq.com:c,2026-09-13T02:00:50.395529+00:00,reject_dead,0,,,2026-09-13T02:25:12.958273+00:00,http 404
ashby,corgi,cdx:jobs.ashbyhq.com:c,2026-09-13T02:00:50.395588+00:00,reject_too_few,7,,,2026-09-13T02:25:13.973334+00:00,7 < 8
ashby,coris,cdx:jobs.ashbyhq.com:c,2026-09-13T02:00:50.395715+00:00,reject_dead,0,,,2026-09-13T02:25:17.259785+00:00,http 404
ashby,corridor,cdx:jobs.ashbyhq.com:c,2026-09-13T02:00:50.395733+00:00,added,12,Corridor,corridor.dev,2026-09-13T02:25:31.576597+00:00,domain from json-ld
ashby,cortex,cdx:jobs.ashbyhq.com:c,2026-09-13T02:00:50.395863+00:00,reject_dead,0,,,2026-09-13T02:25:32.476515+00:00,http 404
ashby,corti,cdx:jobs.ashbyhq.com:c,2026-09-13T02:00:50.395877+00:00,reject_too_few,5,,,2026-09-13T02:25:34.763581+00:00,5 < 8
ashby,corvus,cdx:jobs.ashbyhq.com:c,2026-09-13T02:00:50.396609+00:00,reject_dead,0,,,2026-09-13T02:25:35.751841+00:00,http 404
ashby,corvus-robotics,cdx:jobs.ashbyhq.com:c,2026-09-13T02:00:50.396648+00:00,added,11,Corvus Robotics,corvus-robotics.com,2026-09-13T02:25:37.082509+00:00,domain from json-ld
ashby,cosine,cdx:jobs.ashbyhq.com:c,2026-09-13T02:00:50.396703+00:00,reject_too_few,3,,,2026-09-13T02:25:38.344332+00:00,3 < 8
ashby,cosmic-robotics,cdx:jobs.ashbyhq.com:c,2026-09-13T02:00:50.396724+00:00,reject_too_few,4,,,2026-09-13T02:25:39.347336+00:00,4 < 8
ashby,costanoavc,cdx:jobs.ashbyhq.com:c,2026-09-13T02:00:50.396765+00:00,reject_too_few,2,,,2026-09-13T02:25:40.331804+00:00,2 < 8
ashby,cosuno,cdx:jobs.ashbyhq.com:c,2026-09-13T02:00:50.396794+00:00,added,17,Cosuno,cosuno.com,2026-09-13T02:25:41.571074+00:00,domain from json-ld
ashby,council-capital,cdx:jobs.ashbyhq.com:c,2026-09-13T02:00:50.396943+00:00,added,8,Council Capital,councilcapital.com,2026-09-13T02:25:42.610089+00:00,domain from json-ld
ashby,counsel,cdx:jobs.ashbyhq.com:c,2026-09-13T02:00:50.396953+00:00,added,16,Counsel Health,counselhealth.com,2026-09-13T02:25:46.030596+00:00,domain from json-ld
ashby,count,cdx:jobs.ashbyhq.com:c,2026-09-13T02:00:50.397256+00:00,reject_dead,0,,,2026-09-13T02:25:48.250668+00:00,board live but zero open jobs
ashby,coursecareers,cdx:jobs.ashbyhq.com:c,2026-09-13T02:00:50.397413+00:00,added,8,CourseCareers,coursecareers.com,2026-09-13T02:25:49.579779+00:00,domain from json-ld
ashby,courtly,cdx:jobs.ashbyhq.com:c,2026-09-13T02:00:50.398112+00:00,reject_dead,0,,,2026-09-13T02:25:50.254521+00:00,http 404
ashby,coval,cdx:jobs.ashbyhq.com:c,2026-09-13T02:00:50.398142+00:00,reject_dead,0,,,2026-09-13T02:25:51.964831+00:00,http 404
ashby,covenal,cdx:jobs.ashbyhq.com:c,2026-09-13T02:00:50.398170+00:00,reject_dead,0,,,2026-09-13T02:25:52.983281+00:00,http 404
ashby,coverbase,cdx:jobs.ashbyhq.com:c,2026-09-13T02:00:50.398282+00:00,reject_too_few,4,,,2026-09-13T02:25:56.280287+00:00,4 < 8
ashby,coverdash,cdx:jobs.ashbyhq.com:c,2026-09-13T02:00:50.398350+00:00,reject_too_few,4,,,2026-09-13T02:25:57.251144+00:00,4 < 8
ashby,cow-dao,cdx:jobs.ashbyhq.com:c,2026-09-13T02:00:50.398367+00:00,reject_dead,0,,,2026-09-13T02:26:06.420892+00:00,board live but zero open jobs
ashby,cowboyspace,cdx:jobs.ashbyhq.com:c,2026-09-13T02:00:50.399726+00:00,added,89,Cowboy Space Corp.,cowboyspace.com,2026-09-13T02:26:15.037989+00:00,domain from json-ld
ashby,coworker,cdx:jobs.ashbyhq.com:c,2026-09-13T02:00:50.399931+00:00,reject_too_few,6,,,2026-09-13T02:26:15.630895+00:00,6 < 8
ashby,crackenagi,cdx:jobs.ashbyhq.com:c,2026-09-13T02:00:50.399963+00:00,added,11,Cracken,cracken.ai,2026-09-13T02:26:16.894081+00:00,domain from json-ld
ashby,cradlebio,cdx:jobs.ashbyhq.com:c,2026-09-13T02:00:50.400036+00:00,reject_too_few,6,,,2026-09-13T02:26:17.674744+00:00,6 < 8
ashby,craft.co,cdx:jobs.ashbyhq.com:c,2026-09-13T02:00:50.401139+00:00,reject_too_few,2,,,2026-09-13T02:26:18.979332+00:00,2 < 8
ashby,craftdocs,cdx:jobs.ashbyhq.com:c,2026-09-13T02:00:50.401595+00:00,reject_dead,0,,,2026-09-13T02:26:20.384634+00:00,board live but zero open jobs
ashby,create.xyz,cdx:jobs.ashbyhq.com:c,2026-09-13T02:00:50.401748+00:00,reject_dead,0,,,2026-09-13T02:26:23.493922+00:00,http 404
ashby,creatify,cdx:jobs.ashbyhq.com:c,2026-09-13T02:00:50.401820+00:00,reject_too_few,5,,,2026-09-13T02:26:24.502107+00:00,5 < 8
ashby,creatoriq,cdx:jobs.ashbyhq.com:c,2026-09-13T02:00:50.402170+00:00,added,21,CreatorIQ,creatoriq.com,2026-09-13T02:26:25.847707+00:00,domain from json-ld
ashby,credal,cdx:jobs.ashbyhq.com:c,2026-09-13T02:00:50.403105+00:00,reject_too_few,5,,,2026-09-13T02:26:27.960964+00:00,5 < 8
ashby,creditgenie,cdx:jobs.ashbyhq.com:c,2026-09-13T02:00:50.403316+00:00,added,12,Credit Genie,creditgenie.com,2026-09-13T02:26:29.211777+00:00,domain from json-ld
ashby,credo.ai,cdx:jobs.ashbyhq.com:c,2026-09-13T02:00:50.403728+00:00,reject_too_few,4,,,2026-09-13T02:26:30.202542+00:00,4 < 8
ashby,creem,cdx:jobs.ashbyhq.com:c,2026-09-13T02:00:50.404112+00:00,reject_too_few,7,,,2026-09-13T02:26:31.211013+00:00,7 < 8
ashby,crete-professionals-alliance,cdx:jobs.ashbyhq.com:c,2026-09-13T02:00:50.404160+00:00,reject_dead,0,,,2026-09-13T02:26:32.193293+00:00,http 404
ashby,crisp,cdx:jobs.ashbyhq.com:c,2026-09-13T02:00:50.405953+00:00,reject_no_domain,21,Crisp,,2026-09-13T02:26:35.077314+00:00,no domain on this page; no domain on this page
ashby,crispgrowth,cdx:jobs.ashbyhq.com:c,2026-09-13T02:00:50.406041+00:00,new,,,,,
ashby,critical-energy,cdx:jobs.ashbyhq.com:c,2026-09-13T02:00:50.406122+00:00,new,,,,,
ashby,criticalloop,cdx:jobs.ashbyhq.com:c,2026-09-13T02:00:50.406172+00:00,new,,,,,
ashby,crogl,cdx:jobs.ashbyhq.com:c,2026-09-13T02:00:50.406298+00:00,new,,,,,
ashby,crosby,cdx:jobs.ashbyhq.com:c,2026-09-13T02:00:50.406426+00:00,new,,,,,
ashby,crossjoin-solutions,cdx:jobs.ashbyhq.com:c,2026-09-13T02:00:50.406670+00:00,new,,,,,
ashby,crosswire,cdx:jobs.ashbyhq.com:c,2026-09-13T02:00:50.406731+00:00,new,,,,,
ashby,cruisebound,cdx:jobs.ashbyhq.com:c,2026-09-13T02:00:50.406739+00:00,new,,,,,
ashby,crunchdao,cdx:jobs.ashbyhq.com:c,2026-09-13T02:00:50.406748+00:00,new,,,,,
ashby,crusoe,cdx:jobs.ashbyhq.com:c,2026-09-13T02:00:50.406854+00:00,new,,,,,
ashby,cruva,cdx:jobs.ashbyhq.com:c,2026-09-13T02:00:50.427004+00:00,new,,,,,
ashby,cruxclimate,cdx:jobs.ashbyhq.com:c,2026-09-13T02:00:50.427320+00:00,new,,,,,
ashby,cryptio,cdx:jobs.ashbyhq.com:c,2026-09-13T02:00:50.428902+00:00,new,,,,,
ashby,cside,cdx:jobs.ashbyhq.com:c,2026-09-13T02:00:50.431002+00:00,new,,,,,
ashby,ctgt,cdx:jobs.ashbyhq.com:c,2026-09-13T02:00:50.431040+00:00,new,,,,,
ashby,cube,cdx:jobs.ashbyhq.com:c,2026-09-13T02:00:50.431067+00:00,new,,,,,
ashby,cubesoftware,cdx:jobs.ashbyhq.com:c,2026-09-13T02:00:50.431311+00:00,new,,,,,
ashby,cubic3,cdx:jobs.ashbyhq.com:c,2026-09-13T02:00:50.431726+00:00,new,,,,,
ashby,cubist,cdx:jobs.ashbyhq.com:c,2026-09-13T02:00:50.431753+00:00,new,,,,,
ashby,cuesta-partners,cdx:jobs.ashbyhq.com:c,2026-09-13T02:00:50.431769+00:00,new,,,,,
ashby,cultivatechain,cdx:jobs.ashbyhq.com:c,2026-09-13T02:00:50.431789+00:00,new,,,,,
ashby,cultureai,cdx:jobs.ashbyhq.com:c,2026-09-13T02:00:50.431803+00:00,new,,,,,
ashby,curri,cdx:jobs.ashbyhq.com:c,2026-09-13T02:00:50.431856+00:00,new,,,,,
ashby,cursor,cdx:jobs.ashbyhq.com:c,2026-09-13T02:00:50.431887+00:00,new,,,,,
ashby,cuspai,cdx:jobs.ashbyhq.com:c,2026-09-13T02:00:50.433368+00:00,new,,,,,
ashby,customuse,cdx:jobs.ashbyhq.com:c,2026-09-13T02:00:50.433464+00:00,new,,,,,
ashby,cyb,cdx:jobs.ashbyhq.com:c,2026-09-13T02:00:50.433477+00:00,new,,,,,
ashby,cybcube,cdx:jobs.ashbyhq.com:c,2026-09-13T02:00:50.433492+00:00,new,,,,,
ashby,cybe,cdx:jobs.ashbyhq.com:c,2026-09-13T02:00:50.433683+00:00,new,,,,,
ashby,cyber.fund,cdx:jobs.ashbyhq.com:c,2026-09-13T02:00:50.433702+00:00,new,,,,,
ashby,cyberhaven,cdx:jobs.ashbyhq.com:c,2026-09-13T02:00:50.433890+00:00,new,,,,,
ashby,cybernut,cdx:jobs.ashbyhq.com:c,2026-09-13T02:00:50.435233+00:00,new,,,,,
ashby,cybersyn,cdx:jobs.ashbyhq.com:c,2026-09-13T02:00:50.435274+00:00,new,,,,,
ashby,cybret,cdx:jobs.ashbyhq.com:c,2026-09-13T02:00:50.435318+00:00,new,,,,,
ashby,cydea,cdx:jobs.ashbyhq.com:c,2026-09-13T02:00:50.435351+00:00,new,,,,,
ashby,cygnify,cdx:jobs.ashbyhq.com:c,2026-09-13T02:00:50.435367+00:00,new,,,,,
ashby,cylinderhealth,cdx:jobs.ashbyhq.com:c,2026-09-13T02:00:50.435383+00:00,new,,,,,
ashby,cytora.com,cdx:jobs.ashbyhq.com:c,2026-09-13T02:00:50.435554+00:00,new,,,,,
ashby,cyvl,cdx:jobs.ashbyhq.com:c,2026-09-13T02:00:50.435744+00:00,new,,,,,
ashby,,cdx:jobs.ashbyhq.com:c,2026-09-13T02:00:50.435762+00:00,shard_marker,,,,,
ashby,n1,cdx:jobs.ashbyhq.com:n,2026-09-13T02:01:32.442756+00:00,new,,,,,
ashby,n43-studio,cdx:jobs.ashbyhq.com:n,2026-09-13T02:01:32.443692+00:00,new,,,,,
ashby,n8n,cdx:jobs.ashbyhq.com:n,2026-09-13T02:01:32.443767+00:00,new,,,,,
ashby,nabihealth,cdx:jobs.ashbyhq.com:n,2026-09-13T02:01:32.452058+00:00,new,,,,,
ashby,nabla,cdx:jobs.ashbyhq.com:n,2026-09-13T02:01:32.452221+00:00,new,,,,,
ashby,nabucasa,cdx:jobs.ashbyhq.com:n,2026-09-13T02:01:32.453016+00:00,new,,,,,
ashby,nace.ai,cdx:jobs.ashbyhq.com:n,2026-09-13T02:01:32.453698+00:00,new,,,,,
ashby,namespace,cdx:jobs.ashbyhq.com:n,2026-09-13T02:01:32.454175+00:00,new,,,,,
ashby,nango,cdx:jobs.ashbyhq.com:n,2026-09-13T02:01:32.454485+00:00,new,,,,,
ashby,nano-qt,cdx:jobs.ashbyhq.com:n,2026-09-13T02:01:32.455525+00:00,new,,,,,
ashby,naptha,cdx:jobs.ashbyhq.com:n,2026-09-13T02:01:32.455550+00:00,new,,,,,
ashby,nascent,cdx:jobs.ashbyhq.com:n,2026-09-13T02:01:32.455763+00:00,new,,,,,
ashby,nash,cdx:jobs.ashbyhq.com:n,2026-09-13T02:01:32.455798+00:00,new,,,,,
ashby,natcast,cdx:jobs.ashbyhq.com:n,2026-09-13T02:01:32.456352+00:00,new,,,,,
ashby,nationgraph,cdx:jobs.ashbyhq.com:n,2026-09-13T02:01:32.456785+00:00,new,,,,,
ashby,nativemarkets,cdx:jobs.ashbyhq.com:n,2026-09-13T02:01:32.457141+00:00,new,,,,,
ashby,natter,cdx:jobs.ashbyhq.com:n,2026-09-13T02:01:32.457163+00:00,new,,,,,
ashby,nautical-commerce,cdx:jobs.ashbyhq.com:n,2026-09-13T02:01:32.457523+00:00,new,,,,,
ashby,nava-benefits,cdx:jobs.ashbyhq.com:n,2026-09-13T02:01:32.459221+00:00,new,,,,,
ashby,navattic,cdx:jobs.ashbyhq.com:n,2026-09-13T02:01:32.459368+00:00,new,,,,,
ashby,navi,cdx:jobs.ashbyhq.com:n,2026-09-13T02:01:32.459476+00:00,new,,,,,
ashby,ncodin,cdx:jobs.ashbyhq.com:n,2026-09-13T02:01:32.459540+00:00,new,,,,,
ashby,ncontracts,cdx:jobs.ashbyhq.com:n,2026-09-13T02:01:32.459561+00:00,new,,,,,
ashby,ndeavour,cdx:jobs.ashbyhq.com:n,2026-09-13T02:01:32.459672+00:00,new,,,,,
ashby,neara,cdx:jobs.ashbyhq.com:n,2026-09-13T02:01:32.459941+00:00,new,,,,,
ashby,nebari,cdx:jobs.ashbyhq.com:n,2026-09-13T02:01:32.460621+00:00,new,,,,,
ashby,nebulock,cdx:jobs.ashbyhq.com:n,2026-09-13T02:01:32.460683+00:00,new,,,,,
ashby,nectar-social,cdx:jobs.ashbyhq.com:n,2026-09-13T02:01:32.460713+00:00,new,,,,,
ashby,negotiate-ai,cdx:jobs.ashbyhq.com:n,2026-09-13T02:01:32.461243+00:00,new,,,,,
ashby,neko-health,cdx:jobs.ashbyhq.com:n,2026-09-13T02:01:32.461274+00:00,new,,,,,
ashby,nell,cdx:jobs.ashbyhq.com:n,2026-09-13T02:01:32.461775+00:00,new,,,,,
ashby,nelly,cdx:jobs.ashbyhq.com:n,2026-09-13T02:01:32.461792+00:00,new,,,,,
ashby,nelo,cdx:jobs.ashbyhq.com:n,2026-09-13T02:01:32.461853+00:00,new,,,,,
ashby,nen,cdx:jobs.ashbyhq.com:n,2026-09-13T02:01:32.462068+00:00,new,,,,,
ashby,nen-creative,cdx:jobs.ashbyhq.com:n,2026-09-13T02:01:32.462084+00:00,new,,,,,
ashby,neo-tax,cdx:jobs.ashbyhq.com:n,2026-09-13T02:01:32.462409+00:00,new,,,,,
ashby,neofinancial,cdx:jobs.ashbyhq.com:n,2026-09-13T02:01:32.462447+00:00,new,,,,,
ashby,neon,cdx:jobs.ashbyhq.com:n,2026-09-13T02:01:32.463705+00:00,new,,,,,
ashby,neon-health,cdx:jobs.ashbyhq.com:n,2026-09-13T02:01:32.463770+00:00,new,,,,,
ashby,neon.tech,cdx:jobs.ashbyhq.com:n,2026-09-13T02:01:32.464066+00:00,new,,,,,
ashby,neonichiban,cdx:jobs.ashbyhq.com:n,2026-09-13T02:01:32.464685+00:00,new,,,,,
ashby,neonredwood,cdx:jobs.ashbyhq.com:n,2026-09-13T02:01:32.464704+00:00,new,,,,,
ashby,neotaste,cdx:jobs.ashbyhq.com:n,2026-09-13T02:01:32.464805+00:00,new,,,,,
ashby,nerdwallet,cdx:jobs.ashbyhq.com:n,2026-09-13T02:01:32.464917+00:00,new,,,,,
ashby,nessolabs,cdx:jobs.ashbyhq.com:n,2026-09-13T02:01:32.466222+00:00,new,,,,,
ashby,nest-health,cdx:jobs.ashbyhq.com:n,2026-09-13T02:01:32.466272+00:00,new,,,,,
ashby,nestmed,cdx:jobs.ashbyhq.com:n,2026-09-13T02:01:32.466727+00:00,new,,,,,
ashby,nestveterinary,cdx:jobs.ashbyhq.com:n,2026-09-13T02:01:32.466775+00:00,new,,,,,
ashby,netbird,cdx:jobs.ashbyhq.com:n,2026-09-13T02:01:32.466828+00:00,new,,,,,
ashby,netboxlabs,cdx:jobs.ashbyhq.com:n,2026-09-13T02:01:32.466890+00:00,new,,,,,
ashby,netgear,cdx:jobs.ashbyhq.com:n,2026-09-13T02:01:32.467602+00:00,new,,,,,
ashby,nethermind,cdx:jobs.ashbyhq.com:n,2026-09-13T02:01:32.468021+00:00,new,,,,,
ashby,netic,cdx:jobs.ashbyhq.com:n,2026-09-13T02:01:32.468468+00:00,new,,,,,
ashby,netpreme,cdx:jobs.ashbyhq.com:n,2026-09-13T02:01:32.468805+00:00,new,,,,,
ashby,netwealth,cdx:jobs.ashbyhq.com:n,2026-09-13T02:01:32.468850+00:00,new,,,,,
ashby,networkright,cdx:jobs.ashbyhq.com:n,2026-09-13T02:01:32.469112+00:00,new,,,,,
ashby,neura-robotics-gmbh,cdx:jobs.ashbyhq.com:n,2026-09-13T02:01:32.469166+00:00,new,,,,,
ashby,neural-earth,cdx:jobs.ashbyhq.com:n,2026-09-13T02:01:32.469183+00:00,new,,,,,
ashby,neuralconcept,cdx:jobs.ashbyhq.com:n,2026-09-13T02:01:32.469197+00:00,new,,,,,
ashby,neurons-lab.com,cdx:jobs.ashbyhq.com:n,2026-09-13T02:01:32.469466+00:00,new,,,,,
ashby,neurophos,cdx:jobs.ashbyhq.com:n,2026-09-13T02:01:32.469653+00:00,new,,,,,
ashby,neuroscale,cdx:jobs.ashbyhq.com:n,2026-09-13T02:01:32.469816+00:00,new,,,,,
ashby,nevis,cdx:jobs.ashbyhq.com:n,2026-09-13T02:01:32.469901+00:00,new,,,,,
ashby,nevoya,cdx:jobs.ashbyhq.com:n,2026-09-13T02:01:32.470059+00:00,new,,,,,
ashby,new-culture,cdx:jobs.ashbyhq.com:n,2026-09-13T02:01:32.470410+00:00,new,,,,,
ashby,new-story,cdx:jobs.ashbyhq.com:n,2026-09-13T02:01:32.470423+00:00,new,,,,,
ashby,new-story-schools-oh,cdx:jobs.ashbyhq.com:n,2026-09-13T02:01:32.470435+00:00,new,,,,,
ashby,new-story-schools-pa,cdx:jobs.ashbyhq.com:n,2026-09-13T02:01:32.470490+00:00,new,,,,,
ashby,newform,cdx:jobs.ashbyhq.com:n,2026-09-13T02:01:32.470509+00:00,new,,,,,
ashby,newfront,cdx:jobs.ashbyhq.com:n,2026-09-13T02:01:32.470610+00:00,new,,,,,
ashby,newlantern,cdx:jobs.ashbyhq.com:n,2026-09-13T02:01:32.471355+00:00,new,,,,,
ashby,neworbit,cdx:jobs.ashbyhq.com:n,2026-09-13T02:01:32.471406+00:00,new,,,,,
ashby,newschoolfoods,cdx:jobs.ashbyhq.com:n,2026-09-13T02:01:32.471452+00:00,new,,,,,
ashby,newtendermint,cdx:jobs.ashbyhq.com:n,2026-09-13T02:01:32.471513+00:00,new,,,,,
ashby,newxel,cdx:jobs.ashbyhq.com:n,2026-09-13T02:01:32.471540+00:00,new,,,,,
ashby,nexos-ai,cdx:jobs.ashbyhq.com:n,2026-09-13T02:01:32.471631+00:00,new,,,,,
ashby,nextdata,cdx:jobs.ashbyhq.com:n,2026-09-13T02:01:32.471642+00:00,new,,,,,
ashby,nextlinklabs,cdx:jobs.ashbyhq.com:n,2026-09-13T02:01:32.471687+00:00,new,,,,,
ashby,nextmatter,cdx:jobs.ashbyhq.com:n,2026-09-13T02:01:32.471737+00:00,new,,,,,
ashby,nextpatient,cdx:jobs.ashbyhq.com:n,2026-09-13T02:01:32.471834+00:00,new,,,,,
ashby,nexus-cognitive,cdx:jobs.ashbyhq.com:n,2026-09-13T02:01:32.471959+00:00,new,,,,,
ashby,nexus-marketing,cdx:jobs.ashbyhq.com:n,2026-09-13T02:01:32.471977+00:00,new,,,,,
ashby,nexus.xyz,cdx:jobs.ashbyhq.com:n,2026-09-13T02:01:32.472019+00:00,new,,,,,
ashby,nexxa,cdx:jobs.ashbyhq.com:n,2026-09-13T02:01:32.472816+00:00,new,,,,,
ashby,nexxen,cdx:jobs.ashbyhq.com:n,2026-09-13T02:01:32.472831+00:00,new,,,,,
ashby,niantic-spatial,cdx:jobs.ashbyhq.com:n,2026-09-13T02:01:32.472928+00:00,new,,,,,
ashby,nidus-technologies,cdx:jobs.ashbyhq.com:n,2026-09-13T02:01:32.473027+00:00,new,,,,,
ashby,nightfall-ai,cdx:jobs.ashbyhq.com:n,2026-09-13T02:01:32.473039+00:00,new,,,,,
ashby,nimbl,cdx:jobs.ashbyhq.com:n,2026-09-13T02:01:32.473213+00:00,new,,,,,
ashby,ninjatech.ai,cdx:jobs.ashbyhq.com:n,2026-09-13T02:01:32.473279+00:00,new,,,,,
ashby,niramedical,cdx:jobs.ashbyhq.com:n,2026-09-13T02:01:32.473362+00:00,new,,,,,
ashby,nirvana,cdx:jobs.ashbyhq.com:n,2026-09-13T02:01:32.473623+00:00,new,,,,,
ashby,niural,cdx:jobs.ashbyhq.com:n,2026-09-13T02:01:32.473945+00:00,new,,,,,
ashby,niva,cdx:jobs.ashbyhq.com:n,2026-09-13T02:01:32.474365+00:00,new,,,,,
ashby,nivoda,cdx:jobs.ashbyhq.com:n,2026-09-13T02:01:32.474377+00:00,new,,,,,
ashby,noctovo,cdx:jobs.ashbyhq.com:n,2026-09-13T02:01:32.475864+00:00,new,,,,,
ashby,noda-ai,cdx:jobs.ashbyhq.com:n,2026-09-13T02:01:32.475882+00:00,new,,,,,
ashby,nodle,cdx:jobs.ashbyhq.com:n,2026-09-13T02:01:32.475916+00:00,new,,,,,
ashby,noetica,cdx:jobs.ashbyhq.com:n,2026-09-13T02:01:32.475926+00:00,new,,,,,
ashby,noialabs,cdx:jobs.ashbyhq.com:n,2026-09-13T02:01:32.476025+00:00,new,,,,,
ashby,noise-labs,cdx:jobs.ashbyhq.com:n,2026-09-13T02:01:32.476044+00:00,new,,,,,
ashby,nollahealth,cdx:jobs.ashbyhq.com:n,2026-09-13T02:01:32.476126+00:00,new,,,,,
ashby,nomad,cdx:jobs.ashbyhq.com:n,2026-09-13T02:01:32.476142+00:00,new,,,,,
ashby,nomic,cdx:jobs.ashbyhq.com:n,2026-09-13T02:01:32.476187+00:00,new,,,,,
ashby,nomic.ai,cdx:jobs.ashbyhq.com:n,2026-09-13T02:01:32.476197+00:00,new,,,,,
ashby,nomic.foundation,cdx:jobs.ashbyhq.com:n,2026-09-13T02:01:32.476268+00:00,new,,,,,
ashby,nomos,cdx:jobs.ashbyhq.com:n,2026-09-13T02:01:32.476719+00:00,new,,,,,
ashby,nooks,cdx:jobs.ashbyhq.com:n,2026-09-13T02:01:32.476742+00:00,new,,,,,
ashby,nord-security,cdx:jobs.ashbyhq.com:n,2026-09-13T02:01:32.477306+00:00,new,,,,,
ashby,norm-ai,cdx:jobs.ashbyhq.com:n,2026-09-13T02:01:32.477356+00:00,new,,,,,
ashby,normal,cdx:jobs.ashbyhq.com:n,2026-09-13T02:01:32.477997+00:00,new,,,,,
ashby,normalcomputing,cdx:jobs.ashbyhq.com:n,2026-09-13T02:01:32.478637+00:00,new,,,,,
ashby,normalcomputingai,cdx:jobs.ashbyhq.com:n,2026-09-13T02:01:32.478815+00:00,new,,,,,
ashby,normlaw,cdx:jobs.ashbyhq.com:n,2026-09-13T02:01:32.478825+00:00,new,,,,,
ashby,northflank.com,cdx:jobs.ashbyhq.com:n,2026-09-13T02:01:32.478872+00:00,new,,,,,
ashby,northslope-technologies,cdx:jobs.ashbyhq.com:n,2026-09-13T02:01:32.478948+00:00,new,,,,,
ashby,northvectordynamics,cdx:jobs.ashbyhq.com:n,2026-09-13T02:01:32.479130+00:00,new,,,,,
ashby,northwoodspace,cdx:jobs.ashbyhq.com:n,2026-09-13T02:01:32.479141+00:00,new,,,,,
ashby,nory,cdx:jobs.ashbyhq.com:n,2026-09-13T02:01:32.480908+00:00,new,,,,,
ashby,nory-co,cdx:jobs.ashbyhq.com:n,2026-09-13T02:01:32.480923+00:00,new,,,,,
ashby,nosisbio,cdx:jobs.ashbyhq.com:n,2026-09-13T02:01:32.481296+00:00,new,,,,,
ashby,notabene,cdx:jobs.ashbyhq.com:n,2026-09-13T02:01:32.481335+00:00,new,,,,,
ashby,notable,cdx:jobs.ashbyhq.com:n,2026-09-13T02:01:32.481500+00:00,new,,,,,
ashby,notablefi,cdx:jobs.ashbyhq.com:n,2026-09-13T02:01:32.482464+00:00,new,,,,,
ashby,notion,cdx:jobs.ashbyhq.com:n,2026-09-13T02:01:32.482474+00:00,new,,,,,
ashby,noto,cdx:jobs.ashbyhq.com:n,2026-09-13T02:01:32.491058+00:00,new,,,,,
ashby,nova-talent,cdx:jobs.ashbyhq.com:n,2026-09-13T02:01:32.491076+00:00,new,,,,,
ashby,novaintelligence,cdx:jobs.ashbyhq.com:n,2026-09-13T02:01:32.491085+00:00,new,,,,,
ashby,novaprime,cdx:jobs.ashbyhq.com:n,2026-09-13T02:01:32.491101+00:00,new,,,,,
ashby,novel,cdx:jobs.ashbyhq.com:n,2026-09-13T02:01:32.491116+00:00,new,,,,,
ashby,novellia,cdx:jobs.ashbyhq.com:n,2026-09-13T02:01:32.491173+00:00,new,,,,,
ashby,novig,cdx:jobs.ashbyhq.com:n,2026-09-13T02:01:32.491229+00:00,new,,,,,
ashby,novita-ai,cdx:jobs.ashbyhq.com:n,2026-09-13T02:01:32.491244+00:00,new,,,,,
ashby,novo,cdx:jobs.ashbyhq.com:n,2026-09-13T02:01:32.491265+00:00,new,,,,,
ashby,novu.co,cdx:jobs.ashbyhq.com:n,2026-09-13T02:01:32.491544+00:00,new,,,,,
ashby,nox-metals,cdx:jobs.ashbyhq.com:n,2026-09-13T02:01:32.491558+00:00,new,,,,,
ashby,noya,cdx:jobs.ashbyhq.com:n,2026-09-13T02:01:32.491711+00:00,new,,,,,
ashby,noyo,cdx:jobs.ashbyhq.com:n,2026-09-13T02:01:32.491828+00:00,new,,,,,
ashby,npx,cdx:jobs.ashbyhq.com:n,2026-09-13T02:01:32.491847+00:00,new,,,,,
ashby,ntegrity,cdx:jobs.ashbyhq.com:n,2026-09-13T02:01:32.491861+00:00,new,,,,,
ashby,nubank,cdx:jobs.ashbyhq.com:n,2026-09-13T02:01:32.491916+00:00,new,,,,,
ashby,nucleus,cdx:jobs.ashbyhq.com:n,2026-09-13T02:01:32.492551+00:00,new,,,,,
ashby,nudge,cdx:jobs.ashbyhq.com:n,2026-09-13T02:01:32.492572+00:00,new,,,,,
ashby,nudgetext,cdx:jobs.ashbyhq.com:n,2026-09-13T02:01:32.492721+00:00,new,,,,,
ashby,numeral,cdx:jobs.ashbyhq.com:n,2026-09-13T02:01:32.492730+00:00,new,,,,,
ashby,numeric,cdx:jobs.ashbyhq.com:n,2026-09-13T02:01:32.492984+00:00,new,,,,,
ashby,numerixs-quant,cdx:jobs.ashbyhq.com:n,2026-09-13T02:01:32.493692+00:00,new,,,,,
ashby,numosai,cdx:jobs.ashbyhq.com:n,2026-09-13T02:01:32.493708+00:00,new,,,,,
ashby,nuna,cdx:jobs.ashbyhq.com:n,2026-09-13T02:01:32.493736+00:00,new,,,,,
ashby,nuon,cdx:jobs.ashbyhq.com:n,2026-09-13T02:01:32.493765+00:00,new,,,,,
ashby,nura-studios,cdx:jobs.ashbyhq.com:n,2026-09-13T02:01:32.493814+00:00,new,,,,,
ashby,nursa,cdx:jobs.ashbyhq.com:n,2026-09-13T02:01:32.493862+00:00,new,,,,,
ashby,nuveaux-trading,cdx:jobs.ashbyhq.com:n,2026-09-13T02:01:32.494005+00:00,new,,,,,
ashby,nylas,cdx:jobs.ashbyhq.com:n,2026-09-13T02:01:32.494014+00:00,new,,,,,
ashby,nymbl,cdx:jobs.ashbyhq.com:n,2026-09-13T02:01:32.494119+00:00,new,,,,,
ashby,,cdx:jobs.ashbyhq.com:n,2026-09-13T02:01:32.494124+00:00,shard_marker,,,,,
ashby,oak,cdx:jobs.ashbyhq.com:o,2026-09-13T02:02:11.184504+00:00,new,,,,,
ashby,oakland-feather-river-camp,cdx:jobs.ashbyhq.com:o,2026-09-13T02:02:11.184976+00:00,new,,,,,
ashby,oakslab,cdx:jobs.ashbyhq.com:o,2026-09-13T02:02:11.185074+00:00,new,,,,,
ashby,oasiz,cdx:jobs.ashbyhq.com:o,2026-09-13T02:02:11.185283+00:00,new,,,,,
ashby,objection,cdx:jobs.ashbyhq.com:o,2026-09-13T02:02:11.185324+00:00,new,,,,,
ashby,oboe,cdx:jobs.ashbyhq.com:o,2026-09-13T02:02:11.185416+00:00,new,,,,,
ashby,obrio,cdx:jobs.ashbyhq.com:o,2026-09-13T02:02:11.185523+00:00,new,,,,,
ashby,observable-space,cdx:jobs.ashbyhq.com:o,2026-09-13T02:02:11.186084+00:00,new,,,,,
ashby,observeinc,cdx:jobs.ashbyhq.com:o,2026-09-13T02:02:11.186586+00:00,new,,,,,
ashby,obsidiansystems,cdx:jobs.ashbyhq.com:o,2026-09-13T02:02:11.187048+00:00,new,,,,,
ashby,obviant,cdx:jobs.ashbyhq.com:o,2026-09-13T02:02:11.187084+00:00,new,,,,,
ashby,obvio,cdx:jobs.ashbyhq.com:o,2026-09-13T02:02:11.187948+00:00,new,,,,,
ashby,obvious,cdx:jobs.ashbyhq.com:o,2026-09-13T02:02:11.188215+00:00,new,,,,,
ashby,occam,cdx:jobs.ashbyhq.com:o,2026-09-13T02:02:11.188319+00:00,new,,,,,
ashby,oceanus,cdx:jobs.ashbyhq.com:o,2026-09-13T02:02:11.188445+00:00,new,,,,,
ashby,ocp,cdx:jobs.ashbyhq.com:o,2026-09-13T02:02:11.188479+00:00,new,,,,,
ashby,octoml,cdx:jobs.ashbyhq.com:o,2026-09-13T02:02:11.188584+00:00,new,,,,,
ashby,oden-technologies,cdx:jobs.ashbyhq.com:o,2026-09-13T02:02:11.188618+00:00,new,,,,,
ashby,odin,cdx:jobs.ashbyhq.com:o,2026-09-13T02:02:11.188941+00:00,new,,,,,
ashby,odin-dynamics,cdx:jobs.ashbyhq.com:o,2026-09-13T02:02:11.188979+00:00,new,,,,,
ashby,odys-aviation,cdx:jobs.ashbyhq.com:o,2026-09-13T02:02:11.189215+00:00,new,,,,,
ashby,odyssey,cdx:jobs.ashbyhq.com:o,2026-09-13T02:02:11.189899+00:00,new,,,,,
ashby,odysseyml,cdx:jobs.ashbyhq.com:o,2026-09-13T02:02:11.190338+00:00,new,,,,,
ashby,offdeal,cdx:jobs.ashbyhq.com:o,2026-09-13T02:02:11.191281+00:00,new,,,,,
ashby,office-hours,cdx:jobs.ashbyhq.com:o,2026-09-13T02:02:11.191820+00:00,new,,,,,
ashby,offstream,cdx:jobs.ashbyhq.com:o,2026-09-13T02:02:11.192138+00:00,new,,,,,
ashby,oh,cdx:jobs.ashbyhq.com:o,2026-09-13T02:02:11.192210+00:00,new,,,,,
ashby,ohr,cdx:jobs.ashbyhq.com:o,2026-09-13T02:02:11.192246+00:00,new,,,,,
ashby,okteto,cdx:jobs.ashbyhq.com:o,2026-09-13T02:02:11.192327+00:00,new,,,,,
ashby,oktoberagency,cdx:jobs.ashbyhq.com:o,2026-09-13T02:02:11.192362+00:00,new,,,,,
ashby,old-mission-capital,cdx:jobs.ashbyhq.com:o,2026-09-13T02:02:11.192429+00:00,new,,,,,
ashby,old-well-labs,cdx:jobs.ashbyhq.com:o,2026-09-13T02:02:11.192466+00:00,new,,,,,
ashby,oligo,cdx:jobs.ashbyhq.com:o,2026-09-13T02:02:11.192564+00:00,new,,,,,
ashby,olive,cdx:jobs.ashbyhq.com:o,2026-09-13T02:02:11.192586+00:00,new,,,,,
ashby,olix,cdx:jobs.ashbyhq.com:o,2026-09-13T02:02:11.192687+00:00,new,,,,,
ashby,ollama,cdx:jobs.ashbyhq.com:o,2026-09-13T02:02:11.193533+00:00,new,,,,,
ashby,omadaai,cdx:jobs.ashbyhq.com:o,2026-09-13T02:02:11.193682+00:00,new,,,,,
ashby,omafertility,cdx:jobs.ashbyhq.com:o,2026-09-13T02:02:11.193814+00:00,new,,,,,
ashby,omaze,cdx:jobs.ashbyhq.com:o,2026-09-13T02:02:11.193836+00:00,new,,,,,
ashby,omi,cdx:jobs.ashbyhq.com:o,2026-09-13T02:02:11.194096+00:00,new,,,,,
ashby,omnea,cdx:jobs.ashbyhq.com:o,2026-09-13T02:02:11.194302+00:00,new,,,,,
ashby,omni,cdx:jobs.ashbyhq.com:o,2026-09-13T02:02:11.197131+00:00,new,,,,,
ashby,omnilex,cdx:jobs.ashbyhq.com:o,2026-09-13T02:02:11.197400+00:00,new,,,,,
ashby,omniscient,cdx:jobs.ashbyhq.com:o,2026-09-13T02:02:11.197441+00:00,new,,,,,
ashby,omnisigntechcom,cdx:jobs.ashbyhq.com:o,2026-09-13T02:02:11.199389+00:00,new,,,,,
ashby,ona,cdx:jobs.ashbyhq.com:o,2026-09-13T02:02:11.199415+00:00,new,,,,,
ashby,ondeck-ai,cdx:jobs.ashbyhq.com:o,2026-09-13T02:02:11.199671+00:00,new,,,,,
ashby,one-pass-solutions,cdx:jobs.ashbyhq.com:o,2026-09-13T02:02:11.199689+00:00,new,,,,,
ashby,one-text,cdx:jobs.ashbyhq.com:o,2026-09-13T02:02:11.199941+00:00,new,,,,,
ashby,oneapp,cdx:jobs.ashbyhq.com:o,2026-09-13T02:02:11.200035+00:00,new,,,,,
ashby,onebio,cdx:jobs.ashbyhq.com:o,2026-09-13T02:02:11.203348+00:00,new,,,,,
ashby,onebrief,cdx:jobs.ashbyhq.com:o,2026-09-13T02:02:11.203368+00:00,new,,,,,
ashby,onecrew,cdx:jobs.ashbyhq.com:o,2026-09-13T02:02:11.205546+00:00,new,,,,,
ashby,onehealth,cdx:jobs.ashbyhq.com:o,2026-09-13T02:02:11.205586+00:00,new,,,,,
ashby,oneleet,cdx:jobs.ashbyhq.com:o,2026-09-13T02:02:11.205626+00:00,new,,,,,
ashby,onepay,cdx:jobs.ashbyhq.com:o,2026-09-13T02:02:11.206080+00:00,new,,,,,
ashby,oneschema,cdx:jobs.ashbyhq.com:o,2026-09-13T02:02:11.206201+00:00,new,,,,,
ashby,onestock,cdx:jobs.ashbyhq.com:o,2026-09-13T02:02:11.206279+00:00,new,,,,,
ashby,onhires,cdx:jobs.ashbyhq.com:o,2026-09-13T02:02:11.206293+00:00,new,,,,,
ashby,onme,cdx:jobs.ashbyhq.com:o,2026-09-13T02:02:11.206595+00:00,new,,,,,
ashby,onoshealth,cdx:jobs.ashbyhq.com:o,2026-09-13T02:02:11.206618+00:00,new,,,,,
ashby,onramp,cdx:jobs.ashbyhq.com:o,2026-09-13T02:02:11.206741+00:00,new,,,,,
ashby,ontic,cdx:jobs.ashbyhq.com:o,2026-09-13T02:02:11.206814+00:00,new,,,,,
ashby,ontologize,cdx:jobs.ashbyhq.com:o,2026-09-13T02:02:11.207134+00:00,new,,,,,
ashby,onton,cdx:jobs.ashbyhq.com:o,2026-09-13T02:02:11.207148+00:00,new,,,,,
ashby,onyx,cdx:jobs.ashbyhq.com:o,2026-09-13T02:02:11.207261+00:00,new,,,,,
ashby,onyx-bio,cdx:jobs.ashbyhq.com:o,2026-09-13T02:02:11.207316+00:00,new,,,,,
ashby,opal,cdx:jobs.ashbyhq.com:o,2026-09-13T02:02:11.207414+00:00,new,,,,,
ashby,opal-os,cdx:jobs.ashbyhq.com:o,2026-09-13T02:02:11.207425+00:00,new,,,,,
ashby,open-ledger,cdx:jobs.ashbyhq.com:o,2026-09-13T02:02:11.207803+00:00,new,,,,,
ashby,openage,cdx:jobs.ashbyhq.com:o,2026-09-13T02:02:11.207839+00:00,new,,,,,
ashby,openai,cdx:jobs.ashbyhq.com:o,2026-09-13T02:02:11.207867+00:00,new,,,,,
ashby,openai-deployment-company,cdx:jobs.ashbyhq.com:o,2026-09-13T02:02:11.207879+00:00,new,,,,,
ashby,openart,cdx:jobs.ashbyhq.com:o,2026-09-13T02:02:11.253253+00:00,new,,,,,
ashby,openblock,cdx:jobs.ashbyhq.com:o,2026-09-13T02:02:11.253276+00:00,new,,,,,
ashby,openclaw-foundation-inc,cdx:jobs.ashbyhq.com:o,2026-09-13T02:02:11.253292+00:00,new,,,,,
ashby,opencoreos,cdx:jobs.ashbyhq.com:o,2026-09-13T02:02:11.253328+00:00,new,,,,,
ashby,opened,cdx:jobs.ashbyhq.com:o,2026-09-13T02:02:11.253336+00:00,new,,,,,
ashby,openevidence,cdx:jobs.ashbyhq.com:o,2026-09-13T02:02:11.253349+00:00,new,,,,,
ashby,opengov,cdx:jobs.ashbyhq.com:o,2026-09-13T02:02:11.253368+00:00,new,,,,,
ashby,opengovsg,cdx:jobs.ashbyhq.com:o,2026-09-13T02:02:11.255874+00:00,new,,,,,
ashby,openhands,cdx:jobs.ashbyhq.com:o,2026-09-13T02:02:11.255884+00:00,new,,,,,
ashby,openhomefoundation,cdx:jobs.ashbyhq.com:o,2026-09-13T02:02:11.255930+00:00,new,,,,,
ashby,openloophealth,cdx:jobs.ashbyhq.com:o,2026-09-13T02:02:11.256326+00:00,new,,,,,
ashby,openlooppartners,cdx:jobs.ashbyhq.com:o,2026-09-13T02:02:11.257481+00:00,new,,,,,
ashby,openly,cdx:jobs.ashbyhq.com:o,2026-09-13T02:02:11.257526+00:00,new,,,,,
ashby,openobserve-careers,cdx:jobs.ashbyhq.com:o,2026-09-13T02:02:11.257534+00:00,new,,,,,
ashby,openphilanthropy,cdx:jobs.ashbyhq.com:o,2026-09-13T02:02:11.257578+00:00,new,,,,,
ashby,openrouter,cdx:jobs.ashbyhq.com:o,2026-09-13T02:02:11.258821+00:00,new,,,,,
ashby,opensea,cdx:jobs.ashbyhq.com:o,2026-09-13T02:02:11.259227+00:00,new,,,,,
ashby,openstore,cdx:jobs.ashbyhq.com:o,2026-09-13T02:02:11.259895+00:00,new,,,,,
ashby,operator,cdx:jobs.ashbyhq.com:o,2026-09-13T02:02:11.260411+00:00,new,,,,,
ashby,opfoundation,cdx:jobs.ashbyhq.com:o,2026-09-13T02:02:11.260445+00:00,new,,,,,
ashby,oplabs,cdx:jobs.ashbyhq.com:o,2026-09-13T02:02:11.260658+00:00,new,,,,,
ashby,opslevel,cdx:jobs.ashbyhq.com:o,2026-09-13T02:02:11.261743+00:00,new,,,,,
ashby,opsmill,cdx:jobs.ashbyhq.com:o,2026-09-13T02:02:11.261872+00:00,new,,,,,
ashby,optery,cdx:jobs.ashbyhq.com:o,2026-09-13T02:02:11.261885+00:00,new,,,,,
ashby,optimum,cdx:jobs.ashbyhq.com:o,2026-09-13T02:02:11.262006+00:00,new,,,,,
ashby,optro,cdx:jobs.ashbyhq.com:o,2026-09-13T02:02:11.262128+00:00,new,,,,,
ashby,opus-training,cdx:jobs.ashbyhq.com:o,2026-09-13T02:02:11.262346+00:00,new,,,,,
ashby,opus1,cdx:jobs.ashbyhq.com:o,2026-09-13T02:02:11.262408+00:00,new,,,,,
ashby,opusclip,cdx:jobs.ashbyhq.com:o,2026-09-13T02:02:11.262422+00:00,new,,,,,
ashby,orasispharmaceuticals,cdx:jobs.ashbyhq.com:o,2026-09-13T02:02:11.262724+00:00,new,,,,,
ashby,oratomic,cdx:jobs.ashbyhq.com:o,2026-09-13T02:02:11.262732+00:00,new,,,,,
ashby,orb,cdx:jobs.ashbyhq.com:o,2026-09-13T02:02:11.262839+00:00,new,,,,,
ashby,orbem,cdx:jobs.ashbyhq.com:o,2026-09-13T02:02:11.263568+00:00,new,,,,,
ashby,orbit,cdx:jobs.ashbyhq.com:o,2026-09-13T02:02:11.263582+00:00,new,,,,,
ashby,orbital,cdx:jobs.ashbyhq.com:o,2026-09-13T02:02:11.263602+00:00,new,,,,,
ashby,orbitalindustries,cdx:jobs.ashbyhq.com:o,2026-09-13T02:02:11.263752+00:00,new,,,,,
ashby,orbitalmaterials,cdx:jobs.ashbyhq.com:o,2026-09-13T02:02:11.263777+00:00,new,,,,,
ashby,orby-ai,cdx:jobs.ashbyhq.com:o,2026-09-13T02:02:11.264045+00:00,new,,,,,
ashby,orca,cdx:jobs.ashbyhq.com:o,2026-09-13T02:02:11.264073+00:00,new,,,,,
ashby,orchard,cdx:jobs.ashbyhq.com:o,2026-09-13T02:02:11.264586+00:00,new,,,,,
ashby,orchestra-bio,cdx:jobs.ashbyhq.com:o,2026-09-13T02:02:11.264831+00:00,new,,,,,
ashby,orderful,cdx:jobs.ashbyhq.com:o,2026-09-13T02:02:11.264841+00:00,new,,,,,
ashby,ordio,cdx:jobs.ashbyhq.com:o,2026-09-13T02:02:11.264855+00:00,new,,,,,
ashby,orita,cdx:jobs.ashbyhq.com:o,2026-09-13T02:02:11.264884+00:00,new,,,,,
ashby,orum,cdx:jobs.ashbyhq.com:o,2026-09-13T02:02:11.264913+00:00,new,,,,,
ashby,oscilar,cdx:jobs.ashbyhq.com:o,2026-09-13T02:02:11.264978+00:00,new,,,,,
ashby,osmo,cdx:jobs.ashbyhq.com:o,2026-09-13T02:02:11.265387+00:00,new,,,,,
ashby,oso,cdx:jobs.ashbyhq.com:o,2026-09-13T02:02:11.265972+00:00,new,,,,,
ashby,ostium,cdx:jobs.ashbyhq.com:o,2026-09-13T02:02:11.266175+00:00,new,,,,,
ashby,ostrom,cdx:jobs.ashbyhq.com:o,2026-09-13T02:02:11.266239+00:00,new,,,,,
ashby,oumi,cdx:jobs.ashbyhq.com:o,2026-09-13T02:02:11.266332+00:00,new,,,,,
ashby,ouro,cdx:jobs.ashbyhq.com:o,2026-09-13T02:02:11.266655+00:00,new,,,,,
ashby,ourritual,cdx:jobs.ashbyhq.com:o,2026-09-13T02:02:11.266831+00:00,new,,,,,
ashby,outcapped,cdx:jobs.ashbyhq.com:o,2026-09-13T02:02:11.266878+00:00,new,,,,,
ashby,outerbounds,cdx:jobs.ashbyhq.com:o,2026-09-13T02:02:11.266886+00:00,new,,,,,
ashby,outersignal,cdx:jobs.ashbyhq.com:o,2026-09-13T02:02:11.266908+00:00,new,,,,,
ashby,outliant,cdx:jobs.ashbyhq.com:o,2026-09-13T02:02:11.266944+00:00,new,,,,,
ashby,outmarket,cdx:jobs.ashbyhq.com:o,2026-09-13T02:02:11.267950+00:00,new,,,,,
ashby,outpost,cdx:jobs.ashbyhq.com:o,2026-09-13T02:02:11.267971+00:00,new,,,,,
ashby,outpostnow,cdx:jobs.ashbyhq.com:o,2026-09-13T02:02:11.268000+00:00,new,,,,,
ashby,output,cdx:jobs.ashbyhq.com:o,2026-09-13T02:02:11.268008+00:00,new,,,,,
ashby,outputinc,cdx:jobs.ashbyhq.com:o,2026-09-13T02:02:11.268049+00:00,new,,,,,
ashby,outrival,cdx:jobs.ashbyhq.com:o,2026-09-13T02:02:11.268099+00:00,new,,,,,
ashby,outro-health,cdx:jobs.ashbyhq.com:o,2026-09-13T02:02:11.268112+00:00,new,,,,,
ashby,outset,cdx:jobs.ashbyhq.com:o,2026-09-13T02:02:11.268131+00:00,new,,,,,
ashby,outsmart,cdx:jobs.ashbyhq.com:o,2026-09-13T02:02:11.268268+00:00,new,,,,,
ashby,outtake,cdx:jobs.ashbyhq.com:o,2026-09-13T02:02:11.268277+00:00,new,,,,,
ashby,overflow,cdx:jobs.ashbyhq.com:o,2026-09-13T02:02:11.268301+00:00,new,,,,,
ashby,overjet,cdx:jobs.ashbyhq.com:o,2026-09-13T02:02:11.268442+00:00,new,,,,,
ashby,overtone,cdx:jobs.ashbyhq.com:o,2026-09-13T02:02:11.268886+00:00,new,,,,,
ashby,overview,cdx:jobs.ashbyhq.com:o,2026-09-13T02:02:11.268915+00:00,new,,,,,
ashby,overviewenergy,cdx:jobs.ashbyhq.com:o,2026-09-13T02:02:11.268933+00:00,new,,,,,
ashby,owkin,cdx:jobs.ashbyhq.com:o,2026-09-13T02:02:11.269012+00:00,new,,,,,
ashby,owner,cdx:jobs.ashbyhq.com:o,2026-09-13T02:02:11.269021+00:00,new,,,,,
ashby,oxio,cdx:jobs.ashbyhq.com:o,2026-09-13T02:02:11.269215+00:00,new,,,,,
ashby,oxman,cdx:jobs.ashbyhq.com:o,2026-09-13T02:02:11.269437+00:00,new,,,,,
ashby,oxygen,cdx:jobs.ashbyhq.com:o,2026-09-13T02:02:11.269504+00:00,new,,,,,
ashby,oyster,cdx:jobs.ashbyhq.com:o,2026-09-13T02:02:11.269605+00:00,new,,,,,
ashby,ozone,cdx:jobs.ashbyhq.com:o,2026-09-13T02:02:11.270490+00:00,new,,,,,
ashby,,cdx:jobs.ashbyhq.com:o,2026-09-13T02:02:11.270546+00:00,shard_marker,,,,,
lever,,cdx:jobs.lever.co:6,2026-09-13T02:02:41.728656+00:00,shard_marker,,,,,
lever,c12qe,cdx:jobs.lever.co:c,2026-09-13T02:02:49.625095+00:00,added,11,C12 Quantum Electronics,c12qe.com,2026-09-13T02:12:14.869293+00:00,domain from page links; re-resolved
lever,c16bio,cdx:jobs.lever.co:c,2026-09-13T02:02:49.625446+00:00,reject_dead,0,,,2026-09-13T02:04:36.848943+00:00,http 404
lever,cabonorte,cdx:jobs.lever.co:c,2026-09-13T02:02:49.625494+00:00,added,31,Cabo Norte Professionals,cabonorte.eu,2026-09-13T02:04:38.872176+00:00,domain from page links
lever,cagents,cdx:jobs.lever.co:c,2026-09-13T02:02:49.628349+00:00,added,100,CAI,caiready.com,2026-09-13T02:04:44.121553+00:00,domain from page links
lever,calentipartners.com,cdx:jobs.lever.co:c,2026-09-13T02:02:49.629795+00:00,reject_dead,0,,,2026-09-13T02:04:46.200137+00:00,board live but zero open jobs
lever,caliza-financial-technologies,cdx:jobs.lever.co:c,2026-09-13T02:02:49.629811+00:00,reject_too_few,2,,,2026-09-13T02:04:49.424634+00:00,2 < 8
lever,callan,cdx:jobs.lever.co:c,2026-09-13T02:02:49.629927+00:00,reject_too_few,3,,,2026-09-13T02:04:50.877064+00:00,3 < 8
lever,calstart,cdx:jobs.lever.co:c,2026-09-13T02:02:49.629994+00:00,reject_too_few,6,,,2026-09-13T02:04:54.428669+00:00,6 < 8
lever,camber,cdx:jobs.lever.co:c,2026-09-13T02:02:49.630412+00:00,reject_dead,0,,,2026-09-13T02:04:55.434041+00:00,http 404
lever,cambiumnetworks,cdx:jobs.lever.co:c,2026-09-13T02:02:49.630699+00:00,reject_too_few,1,,,2026-09-13T02:04:56.442913+00:00,1 < 8
lever,camelback-strategy,cdx:jobs.lever.co:c,2026-09-13T02:02:49.630764+00:00,reject_dead,0,,,2026-09-13T02:04:57.418614+00:00,http 404
lever,campusworksinc,cdx:jobs.lever.co:c,2026-09-13T02:02:49.630779+00:00,added,20,"CampusWorks, Inc.",campusworksinc.com,2026-09-13T02:04:58.907602+00:00,domain from page links
lever,canarytechnologies,cdx:jobs.lever.co:c,2026-09-13T02:02:49.631134+00:00,added,26,Canary Technologies Corp,canarytechnologies.com,2026-09-13T02:05:27.524796+00:00,domain from page links
lever,candlinspection,cdx:jobs.lever.co:c,2026-09-13T02:02:49.632566+00:00,added,37,C and L Inspection,candlinspection.com,2026-09-13T02:05:28.760743+00:00,domain from page links
lever,canimmunize,cdx:jobs.lever.co:c,2026-09-13T02:02:49.632898+00:00,reject_dead,0,,,2026-09-13T02:05:29.654061+00:00,board live but zero open jobs
lever,canopy-ad,cdx:jobs.lever.co:c,2026-09-13T02:02:49.632949+00:00,added,26,Canopy A&D,canopy-ad.com,2026-09-13T02:14:20.191811+00:00,domain from page links
lever,canopyservicing,cdx:jobs.lever.co:c,2026-09-13T02:02:49.633020+00:00,reject_dead,0,,,2026-09-13T02:05:42.678557+00:00,http 404
lever,canvasforum,cdx:jobs.lever.co:c,2026-09-13T02:02:49.633033+00:00,reject_dead,0,,,2026-09-13T02:05:45.787394+00:00,http 404
lever,canvasmedical,cdx:jobs.lever.co:c,2026-09-13T02:02:49.633046+00:00,reject_too_few,6,,,2026-09-13T02:05:47.305700+00:00,6 < 8
lever,canvasww,cdx:jobs.lever.co:c,2026-09-13T02:02:49.633148+00:00,added,17,Canvas Worldwide,canvasworldwide.com,2026-09-13T02:05:48.426303+00:00,domain from page links
lever,capchase,cdx:jobs.lever.co:c,2026-09-13T02:02:49.633385+00:00,reject_dead,0,,,2026-09-13T02:05:50.462437+00:00,http 404
lever,capital,cdx:jobs.lever.co:c,2026-09-13T02:02:49.633435+00:00,already_in_targets,,,,,present in --out
lever,capitalsolutionsgroup,cdx:jobs.lever.co:c,2026-09-13T02:02:49.633742+00:00,added,28,Capital Solutions Group,capitalsolutionsgroup.com,2026-09-13T02:05:53.015989+00:00,domain from page links
lever,capricor,cdx:jobs.lever.co:c,2026-09-13T02:02:49.633982+00:00,reject_dead,0,,,2026-09-13T02:06:07.782465+00:00,board live but zero open jobs
lever,capstan-medical,cdx:jobs.lever.co:c,2026-09-13T02:02:49.634055+00:00,reject_no_domain,21,"Capstan Medical, Inc.",,2026-09-13T02:14:25.150597+00:00,no domain on this page; no domain on this page
lever,captivateiq,cdx:jobs.lever.co:c,2026-09-13T02:02:49.634093+00:00,added,27,CaptivateIQ,captivateiq.com,2026-09-13T02:06:11.672441+00:00,domain from page links
lever,carbon6technologies,cdx:jobs.lever.co:c,2026-09-13T02:02:49.635075+00:00,reject_dead,0,,,2026-09-13T02:06:12.498567+00:00,http 404
lever,carboncapture,cdx:jobs.lever.co:c,2026-09-13T02:02:49.635512+00:00,reject_dead,0,,,2026-09-13T02:06:13.719571+00:00,board live but zero open jobs
lever,carbonhealth,cdx:jobs.lever.co:c,2026-09-13T02:02:49.635623+00:00,reject_dead,0,,,2026-09-13T02:06:14.508503+00:00,board live but zero open jobs
lever,cardata,cdx:jobs.lever.co:c,2026-09-13T02:02:49.635688+00:00,reject_dead,0,,,2026-09-13T02:06:43.683931+00:00,http 404
lever,cardiologs,cdx:jobs.lever.co:c,2026-09-13T02:02:49.635734+00:00,reject_too_few,1,,,2026-09-13T02:06:45.901287+00:00,1 < 8
lever,cardiosense,cdx:jobs.lever.co:c,2026-09-13T02:02:49.635764+00:00,reject_too_few,1,,,2026-09-13T02:06:49.064990+00:00,1 < 8
lever,cardless,cdx:jobs.lever.co:c,2026-09-13T02:02:49.635926+00:00,reject_dead,0,,,2026-09-13T02:06:50.101933+00:00,http 404
lever,careaccessresearch,cdx:jobs.lever.co:c,2026-09-13T02:02:49.636203+00:00,reject_dead,0,,,2026-09-13T02:06:52.624654+00:00,http 404
lever,careernowbrands,cdx:jobs.lever.co:c,2026-09-13T02:02:49.636901+00:00,reject_too_few,2,,,2026-09-13T02:06:54.859534+00:00,2 < 8
lever,caremessage,cdx:jobs.lever.co:c,2026-09-13T02:02:49.636918+00:00,reject_dead,0,,,2026-09-13T02:06:55.914186+00:00,board live but zero open jobs
lever,careology,cdx:jobs.lever.co:c,2026-09-13T02:02:49.637150+00:00,reject_dead,0,,,2026-09-13T02:06:57.236470+00:00,board live but zero open jobs
lever,carestino,cdx:jobs.lever.co:c,2026-09-13T02:02:49.637255+00:00,reject_dead,0,,,2026-09-13T02:06:58.010212+00:00,board live but zero open jobs
lever,carewest,cdx:jobs.lever.co:c,2026-09-13T02:02:49.637268+00:00,added,37,Carewest Innovative Healthcare,carewest.ca,2026-09-13T02:07:00.439330+00:00,domain from page links
lever,cargo-partner,cdx:jobs.lever.co:c,2026-09-13T02:02:49.637788+00:00,added,90,cargo-partner,cargo-partner.com,2026-09-13T02:07:01.405379+00:00,domain from page links
lever,carlyriangroup,cdx:jobs.lever.co:c,2026-09-13T02:02:49.640577+00:00,reject_dead,0,,,2026-09-13T02:07:02.234538+00:00,board live but zero open jobs
lever,carolinacenterforaba,cdx:jobs.lever.co:c,2026-09-13T02:02:49.640593+00:00,added,51,Kind Behavioral Health,carolinacenterforaba.com,2026-09-13T02:14:27.827966+00:00,domain from page links
lever,cartodb,cdx:jobs.lever.co:c,2026-09-13T02:02:49.640752+00:00,reject_dead,0,,,2026-09-13T02:07:30.917144+00:00,http 404
lever,cartography,cdx:jobs.lever.co:c,2026-09-13T02:02:49.640809+00:00,reject_dead,0,,,2026-09-13T02:07:31.546165+00:00,http 404
lever,cartrawler,cdx:jobs.lever.co:c,2026-09-13T02:02:49.640848+00:00,added,12,CarTrawler,cartrawler.com,2026-09-13T02:07:33.577326+00:00,domain from page links
lever,carusoaffiliated,cdx:jobs.lever.co:c,2026-09-13T02:02:49.640909+00:00,reject_too_few,5,,,2026-09-13T02:07:35.727477+00:00,5 < 8
lever,cascade-climate,cdx:jobs.lever.co:c,2026-09-13T02:02:49.641127+00:00,reject_too_few,1,,,2026-09-13T02:07:36.781915+00:00,1 < 8
lever,casdincapital,cdx:jobs.lever.co:c,2026-09-13T02:02:49.641278+00:00,reject_dead,0,,,2026-09-13T02:07:37.875870+00:00,http 404
lever,caseware,cdx:jobs.lever.co:c,2026-09-13T02:02:49.641325+00:00,added,60,Caseware,caseware.com,2026-09-13T02:07:39.727440+00:00,domain from page links
lever,cashrewards,cdx:jobs.lever.co:c,2026-09-13T02:02:49.641813+00:00,reject_dead,0,,,2026-09-13T02:07:40.595152+00:00,http 404
lever,caslservice,cdx:jobs.lever.co:c,2026-09-13T02:02:49.641848+00:00,added,8,Chinese American Service League,caslservice.org,2026-09-13T02:12:26.089468+00:00,domain from page links; re-resolved
lever,catalate,cdx:jobs.lever.co:c,2026-09-13T02:02:49.641958+00:00,reject_too_few,1,,,2026-09-13T02:07:47.529386+00:00,1 < 8
lever,catalist,cdx:jobs.lever.co:c,2026-09-13T02:02:49.641970+00:00,reject_too_few,1,,,2026-09-13T02:07:49.981211+00:00,1 < 8
lever,catalyze,cdx:jobs.lever.co:c,2026-09-13T02:02:49.642063+00:00,reject_dead,0,,,2026-09-13T02:07:52.479021+00:00,board live but zero open jobs
lever,catbird,cdx:jobs.lever.co:c,2026-09-13T02:02:49.642096+00:00,reject_dead,0,,,2026-09-13T02:07:54.936559+00:00,http 404
lever,catenamedia,cdx:jobs.lever.co:c,2026-09-13T02:02:49.642352+00:00,reject_dead,0,,,2026-09-13T02:07:56.043766+00:00,http 404
lever,cathoven,cdx:jobs.lever.co:c,2026-09-13T02:02:49.642587+00:00,reject_dead,0,,,2026-09-13T02:07:58.801715+00:00,board live but zero open jobs
lever,catlabs,cdx:jobs.lever.co:c,2026-09-13T02:02:49.642610+00:00,reject_dead,0,,,2026-09-13T02:07:59.355154+00:00,board live but zero open jobs
lever,cbtnuggets,cdx:jobs.lever.co:c,2026-09-13T02:02:49.642641+00:00,reject_too_few,2,,,2026-09-13T02:08:00.649448+00:00,2 < 8
lever,ccachicago,cdx:jobs.lever.co:c,2026-09-13T02:02:49.642704+00:00,reject_dead,0,,,2026-09-13T02:08:02.813358+00:00,board live but zero open jobs
lever,ccmr3,cdx:jobs.lever.co:c,2026-09-13T02:02:49.642717+00:00,reject_dead,0,,,2026-09-13T02:08:05.846780+00:00,http 404
lever,cdcfoundation,cdx:jobs.lever.co:c,2026-09-13T02:02:49.642767+00:00,added,9,CDC Foundation,cdcfoundation.org,2026-09-13T02:08:08.253384+00:00,domain from page links
lever,cdn-cgi,cdx:jobs.lever.co:c,2026-09-13T02:02:49.643625+00:00,reject_dead,0,,,2026-09-13T02:08:08.842996+00:00,http 404
lever,cef,cdx:jobs.lever.co:c,2026-09-13T02:02:49.674058+00:00,reject_too_few,5,,,2026-09-13T02:08:10.584994+00:00,5 < 8
lever,celaralabs,cdx:jobs.lever.co:c,2026-09-13T02:02:49.674380+00:00,reject_too_few,2,,,2026-09-13T02:08:11.139585+00:00,2 < 8
lever,celerion,cdx:jobs.lever.co:c,2026-09-13T02:02:49.674740+00:00,added,29,Celerion,celerion.com,2026-09-13T02:08:13.285247+00:00,domain from page links
lever,celerocommerce,cdx:jobs.lever.co:c,2026-09-13T02:02:49.674912+00:00,reject_too_few,7,,,2026-09-13T02:08:13.845114+00:00,7 < 8
lever,celestia,cdx:jobs.lever.co:c,2026-09-13T02:02:49.674925+00:00,reject_dead,0,,,2026-09-13T02:08:14.870192+00:00,board live but zero open jobs
lever,cellares,cdx:jobs.lever.co:c,2026-09-13T02:02:49.675084+00:00,reject_dead,0,,,2026-09-13T02:08:15.877698+00:00,board live but zero open jobs
lever,centerfield,cdx:jobs.lever.co:c,2026-09-13T02:02:49.675902+00:00,reject_dead,0,,,2026-09-13T02:08:18.166510+00:00,http 404
lever,centerlinebiomedical.com,cdx:jobs.lever.co:c,2026-09-13T02:02:49.676133+00:00,reject_too_few,1,,,2026-09-13T02:08:20.080629+00:00,1 < 8
lever,centml,cdx:jobs.lever.co:c,2026-09-13T02:02:49.676148+00:00,reject_dead,0,,,2026-09-13T02:08:21.097582+00:00,http 404
lever,centrifuge,cdx:jobs.lever.co:c,2026-09-13T02:02:49.676630+00:00,reject_too_few,1,,,2026-09-13T02:08:22.953273+00:00,1 < 8
lever,centro,cdx:jobs.lever.co:c,2026-09-13T02:02:49.676692+00:00,reject_dead,0,,,2026-09-13T02:08:24.590383+00:00,http 404
lever,cents,cdx:jobs.lever.co:c,2026-09-13T02:02:49.677713+00:00,reject_too_few,4,,,2026-09-13T02:08:25.603875+00:00,4 < 8
lever,centuria,cdx:jobs.lever.co:c,2026-09-13T02:02:49.677846+00:00,added,23,Centuria,centuria.com,2026-09-13T02:08:27.231878+00:00,domain from page links
lever,cere-network,cdx:jobs.lever.co:c,2026-09-13T02:02:49.678128+00:00,reject_dead,0,,,2026-09-13T02:08:29.132792+00:00,http 404
lever,certifid,cdx:jobs.lever.co:c,2026-09-13T02:02:49.678210+00:00,reject_dead,0,,,2026-09-13T02:08:30.200725+00:00,board live but zero open jobs
lever,certifyos,cdx:jobs.lever.co:c,2026-09-13T02:02:49.678316+00:00,reject_dead,0,,,2026-09-13T02:08:32.044441+00:00,board live but zero open jobs
lever,certik,cdx:jobs.lever.co:c,2026-09-13T02:02:49.678436+00:00,added,27,CertiK,certik.com,2026-09-13T02:08:34.685403+00:00,domain from page links
lever,cesiumastro,cdx:jobs.lever.co:c,2026-09-13T02:02:49.680833+00:00,reject_dead,0,,,2026-09-13T02:08:35.199070+00:00,http 404
lever,ceso,cdx:jobs.lever.co:c,2026-09-13T02:02:49.685100+00:00,added,38,"CESO, Inc.",cesoinc.com,2026-09-13T02:08:37.939202+00:00,domain from page links
lever,cfgi,cdx:jobs.lever.co:c,2026-09-13T02:02:49.685308+00:00,added,81,CFGI,cfgi.com,2026-09-13T02:08:41.959261+00:00,domain from page links
lever,cfsenergy,cdx:jobs.lever.co:c,2026-09-13T02:02:49.686696+00:00,added,104,Commonwealth Fusion Systems,cfs.energy,2026-09-13T02:14:32.609804+00:00,domain from page links
lever,cgsfederal,cdx:jobs.lever.co:c,2026-09-13T02:02:49.689807+00:00,reject_too_many,1428,,,2026-09-13T02:08:48.733551+00:00,1428 > 400
lever,challengecharterschools,cdx:jobs.lever.co:c,2026-09-13T02:02:49.694840+00:00,added,27,Challenge Preparatory Charter School,challengecharterschools.org,2026-09-13T02:08:52.187888+00:00,domain from page links
lever,chamberofprogress,cdx:jobs.lever.co:c,2026-09-13T02:02:49.694951+00:00,reject_dead,0,,,2026-09-13T02:08:53.175952+00:00,http 404
lever,champions-inc,cdx:jobs.lever.co:c,2026-09-13T02:02:49.694969+00:00,reject_dead,0,,,2026-09-13T02:08:54.209976+00:00,http 404
lever,channelape,cdx:jobs.lever.co:c,2026-09-13T02:02:49.695007+00:00,reject_too_few,1,,,2026-09-13T02:08:55.549662+00:00,1 < 8
lever,charcuterie,cdx:jobs.lever.co:c,2026-09-13T02:02:49.695025+00:00,reject_no_domain,13,Charcuterie Artisans,,2026-09-13T02:14:38.331964+00:00,no domain on this page; no domain on this page
lever,chargelab-inc,cdx:jobs.lever.co:c,2026-09-13T02:02:49.695081+00:00,reject_dead,0,,,2026-09-13T02:09:01.864555+00:00,board live but zero open jobs
lever,chargezoom,cdx:jobs.lever.co:c,2026-09-13T02:02:49.695089+00:00,reject_too_few,1,,,2026-09-13T02:09:05.136726+00:00,1 < 8
lever,charitywater,cdx:jobs.lever.co:c,2026-09-13T02:02:49.695112+00:00,reject_too_few,4,,,2026-09-13T02:09:06.134651+00:00,4 < 8
lever,charmindustrial,cdx:jobs.lever.co:c,2026-09-13T02:02:49.695222+00:00,reject_too_few,7,,,2026-09-13T02:09:08.243945+00:00,7 < 8
lever,charter-impact,cdx:jobs.lever.co:c,2026-09-13T02:02:49.695362+00:00,reject_too_few,5,,,2026-09-13T02:09:33.984562+00:00,5 < 8
lever,chatmeter,cdx:jobs.lever.co:c,2026-09-13T02:02:49.695463+00:00,reject_dead,0,,,2026-09-13T02:09:36.393611+00:00,http 404
lever,cheerz,cdx:jobs.lever.co:c,2026-09-13T02:02:49.695503+00:00,reject_too_few,3,,,2026-09-13T02:09:39.873160+00:00,3 < 8
lever,chefrobotics,cdx:jobs.lever.co:c,2026-09-13T02:02:49.695527+00:00,reject_dead,0,,,2026-09-13T02:09:42.150281+00:00,http 404
lever,cherre,cdx:jobs.lever.co:c,2026-09-13T02:02:49.695678+00:00,reject_too_few,1,,,2026-09-13T02:09:44.230448+00:00,1 < 8
lever,chestnutcarbon,cdx:jobs.lever.co:c,2026-09-13T02:02:49.695820+00:00,reject_too_few,2,,,2026-09-13T02:14:41.478429+00:00,2 < 8
lever,chicago2024,cdx:jobs.lever.co:c,2026-09-13T02:02:49.695840+00:00,reject_dead,0,,,2026-09-13T02:14:44.823335+00:00,http 404
lever,chipping-concrete,cdx:jobs.lever.co:c,2026-09-13T02:02:49.695859+00:00,reject_no_domain,41,Express Chipping Inc,,2026-09-13T02:14:49.892690+00:00,no domain on this page; no domain on this page
lever,chironhealth,cdx:jobs.lever.co:c,2026-09-13T02:02:49.695901+00:00,reject_dead,0,,,2026-09-13T02:14:53.062516+00:00,board live but zero open jobs
lever,chooose,cdx:jobs.lever.co:c,2026-09-13T02:02:49.695909+00:00,reject_too_few,6,,,2026-09-13T02:14:55.977152+00:00,6 < 8
lever,choose,cdx:jobs.lever.co:c,2026-09-13T02:02:49.695995+00:00,reject_too_few,5,,,2026-09-13T02:14:59.348215+00:00,5 < 8
lever,chopra,cdx:jobs.lever.co:c,2026-09-13T02:02:49.696027+00:00,reject_dead,0,,,2026-09-13T02:15:02.286450+00:00,board live but zero open jobs
lever,chownow,cdx:jobs.lever.co:c,2026-09-13T02:02:49.696035+00:00,added,16,ChowNow,chownow.com,2026-09-13T02:15:06.147352+00:00,domain from page links
lever,chromadex,cdx:jobs.lever.co:c,2026-09-13T02:02:49.696293+00:00,reject_dead,0,,,2026-09-13T02:15:09.559380+00:00,http 404
lever,churchatthepark,cdx:jobs.lever.co:c,2026-09-13T02:02:49.696303+00:00,reject_dead,0,,,2026-09-13T02:15:12.524726+00:00,board live but zero open jobs
lever,ciandt,cdx:jobs.lever.co:c,2026-09-13T02:02:49.696321+00:00,added,196,CI&T,ciandt.com,2026-09-13T02:15:17.023449+00:00,domain from page links
lever,cic,cdx:jobs.lever.co:c,2026-09-13T02:02:49.701391+00:00,added,14,CIC,cic.com,2026-09-13T02:15:18.254581+00:00,domain from page links
lever,ciceksepeti,cdx:jobs.lever.co:c,2026-09-13T02:02:49.701694+00:00,reject_too_few,1,,,2026-09-13T02:15:20.181626+00:00,1 < 8
lever,cimgroup,cdx:jobs.lever.co:c,2026-09-13T02:02:49.702150+00:00,added,45,"CIM Group, LP",cimgroup.com,2026-09-13T02:15:22.817957+00:00,domain from page links
lever,cin7,cdx:jobs.lever.co:c,2026-09-13T02:02:49.702502+00:00,added,10,Cin7,cin7.com,2026-09-13T02:15:23.939773+00:00,domain from page links
lever,cinchy,cdx:jobs.lever.co:c,2026-09-13T02:02:49.702581+00:00,reject_dead,0,,,2026-09-13T02:15:24.640244+00:00,http 404
lever,circadiahealth,cdx:jobs.lever.co:c,2026-09-13T02:02:49.702590+00:00,added,53,Circadia Health,circadia.health,2026-09-13T02:15:26.028571+00:00,domain from page links
lever,circlecareservices,cdx:jobs.lever.co:c,2026-09-13T02:02:49.703645+00:00,added,40,Circle Care Services,circlecareservices.com,2026-09-13T02:15:29.147609+00:00,domain from page links
lever,circlemedical,cdx:jobs.lever.co:c,2026-09-13T02:02:49.704159+00:00,reject_dead,0,,,2026-09-13T02:15:30.222391+00:00,http 404
lever,circlepharma,cdx:jobs.lever.co:c,2026-09-13T02:02:49.704411+00:00,reject_dead,0,,,2026-09-13T02:15:33.066071+00:00,board live but zero open jobs
lever,cirquedusoleil,cdx:jobs.lever.co:c,2026-09-13T02:02:49.704420+00:00,added,69,Cirque du Soleil Entertainment Group,cirquedusoleil.com,2026-09-13T02:15:35.829644+00:00,domain from page links
lever,citadelsecurityusa,cdx:jobs.lever.co:c,2026-09-13T02:02:49.704675+00:00,reject_dead,0,,,2026-09-13T02:15:36.416455+00:00,board live but zero open jobs
lever,citcon,cdx:jobs.lever.co:c,2026-09-13T02:02:49.704792+00:00,reject_too_few,2,,,2026-09-13T02:15:38.691386+00:00,2 < 8
lever,citrineinformatics,cdx:jobs.lever.co:c,2026-09-13T02:02:49.704868+00:00,reject_dead,0,,,2026-09-13T02:15:41.053131+00:00,http 404
lever,civitech,cdx:jobs.lever.co:c,2026-09-13T02:02:49.704924+00:00,added,11,Civitech,civitech.io,2026-09-13T02:15:44.963133+00:00,domain from page links
lever,civitta,cdx:jobs.lever.co:c,2026-09-13T02:02:49.705150+00:00,reject_dead,0,,,2026-09-13T02:15:47.727451+00:00,http 404
lever,clabs,cdx:jobs.lever.co:c,2026-09-13T02:02:49.711641+00:00,reject_dead,0,,,2026-09-13T02:15:51.245316+00:00,http 404
lever,clallamtransit,cdx:jobs.lever.co:c,2026-09-13T02:02:49.711690+00:00,reject_dead,0,,,2026-09-13T02:15:52.254154+00:00,http 404
lever,clari,cdx:jobs.lever.co:c,2026-09-13T02:02:49.711699+00:00,reject_dead,0,,,2026-09-13T02:15:55.264346+00:00,board live but zero open jobs
lever,clarifyhealth,cdx:jobs.lever.co:c,2026-09-13T02:02:49.712016+00:00,reject_too_few,5,,,2026-09-13T02:15:56.386513+00:00,5 < 8
lever,clasp,cdx:jobs.lever.co:c,2026-09-13T02:02:49.712061+00:00,reject_dead,0,,,2026-09-13T02:15:58.576827+00:00,http 404
lever,class,cdx:jobs.lever.co:c,2026-09-13T02:02:49.712161+00:00,reject_dead,0,,,2026-09-13T02:16:00.426618+00:00,http 404
lever,cleanspark,cdx:jobs.lever.co:c,2026-09-13T02:02:49.712217+00:00,added,8,CleanSpark,cleanspark.com,2026-09-13T02:16:05.676710+00:00,domain from page links
lever,clearcapital,cdx:jobs.lever.co:c,2026-09-13T02:02:49.712382+00:00,reject_no_domain,8,Clear Capital | CubiCasa | restb.ai,,2026-09-13T02:16:09.219614+00:00,no domain on this page; no domain on this page
lever,clearedge,cdx:jobs.lever.co:c,2026-09-13T02:02:49.712466+00:00,added,37,ClearEdge,clearedgeit.com,2026-09-13T02:16:14.715412+00:00,domain from page links
lever,clearer,cdx:jobs.lever.co:c,2026-09-13T02:02:49.712731+00:00,reject_dead,0,,,2026-09-13T02:16:18.631097+00:00,http 404
lever,clearpoint,cdx:jobs.lever.co:c,2026-09-13T02:02:49.712847+00:00,reject_too_few,4,,,2026-09-13T02:16:19.908899+00:00,4 < 8
lever,clerky,cdx:jobs.lever.co:c,2026-09-13T02:02:49.712906+00:00,reject_dead,0,,,2026-09-13T02:16:20.601426+00:00,board live but zero open jobs
lever,clevertap,cdx:jobs.lever.co:c,2026-09-13T02:02:49.712914+00:00,reject_dead,0,,,2026-09-13T02:16:24.202003+00:00,http 404
lever,clicktime,cdx:jobs.lever.co:c,2026-09-13T02:02:49.713044+00:00,reject_too_few,1,,,2026-09-13T02:16:27.316225+00:00,1 < 8
lever,climate-collaborative,cdx:jobs.lever.co:c,2026-09-13T02:02:49.713057+00:00,reject_dead,0,,,2026-09-13T02:16:28.300449+00:00,board live but zero open jobs
lever,climatepower,cdx:jobs.lever.co:c,2026-09-13T02:02:49.713145+00:00,reject_dead,0,,,2026-09-13T02:16:29.300396+00:00,http 404
lever,clinicalhealthnetworkfortransformation,cdx:jobs.lever.co:c,2026-09-13T02:02:49.713302+00:00,reject_dead,0,,,2026-09-13T02:16:39.638089+00:00,http 404
lever,clipbook,cdx:jobs.lever.co:c,2026-09-13T02:02:49.713528+00:00,reject_dead,0,,,2026-09-13T02:16:40.176111+00:00,http 404
lever,cloaked-app,cdx:jobs.lever.co:c,2026-09-13T02:02:49.713659+00:00,reject_dead,0,,,2026-09-13T02:16:41.226843+00:00,board live but zero open jobs
lever,close.io,cdx:jobs.lever.co:c,2026-09-13T02:02:49.714677+00:00,reject_dead,0,,,2026-09-13T02:16:42.228815+00:00,http 404
lever,cloudinary,cdx:jobs.lever.co:c,2026-09-13T02:02:49.714698+00:00,reject_no_domain,10,Cloudinary,,2026-09-13T02:16:45.056015+00:00,no domain on this page; no domain on this page
lever,cloudwalk,cdx:jobs.lever.co:c,2026-09-13T02:02:49.715120+00:00,reject_dead,0,,,2026-09-13T02:16:45.630773+00:00,board live but zero open jobs
lever,clovirtualfashion,cdx:jobs.lever.co:c,2026-09-13T02:02:49.728327+00:00,added,52,CLO Virtual Fashion,clovirtualfashion.com,2026-09-13T02:16:48.980950+00:00,domain from page links
lever,clozd,cdx:jobs.lever.co:c,2026-09-13T02:02:49.729631+00:00,reject_dead,0,,,2026-09-13T02:16:52.023123+00:00,http 404
lever,clubassist,cdx:jobs.lever.co:c,2026-09-13T02:02:49.729812+00:00,reject_dead,0,,,2026-09-13T02:16:53.156839+00:00,http 404
lever,clubhouse,cdx:jobs.lever.co:c,2026-09-13T02:02:49.729896+00:00,reject_dead,0,,,2026-09-13T02:17:00.490560+00:00,http 404
lever,cmgx,cdx:jobs.lever.co:c,2026-09-13T02:02:49.730123+00:00,added,11,Capital Markets Gateway,cmgx.io,2026-09-13T02:17:02.825258+00:00,domain from page links
lever,cnmllp,cdx:jobs.lever.co:c,2026-09-13T02:02:49.731056+00:00,reject_dead,0,,,2026-09-13T02:17:03.890663+00:00,board live but zero open jobs
lever,coalfire,cdx:jobs.lever.co:c,2026-09-13T02:02:49.731393+00:00,added,13,Coalfire,coalfire.com,2026-09-13T02:17:05.744084+00:00,domain from page links
lever,coatesgroup,cdx:jobs.lever.co:c,2026-09-13T02:02:49.731873+00:00,added,19,Coates Group,coatesgroup.com,2026-09-13T02:17:07.059779+00:00,domain from page links
lever,cobaltrobotics,cdx:jobs.lever.co:c,2026-09-13T02:02:49.732497+00:00,reject_no_domain,10,Cobaltrobotics,,2026-09-13T02:17:09.151457+00:00,job page 404; job page 404; name from slug
lever,cocollective,cdx:jobs.lever.co:c,2026-09-13T02:02:49.732658+00:00,reject_too_few,3,,,2026-09-13T02:17:10.827128+00:00,3 < 8
lever,coda,cdx:jobs.lever.co:c,2026-09-13T02:02:49.732682+00:00,reject_dead,0,,,2026-09-13T02:17:11.832161+00:00,http 404
lever,code2040,cdx:jobs.lever.co:c,2026-09-13T02:02:49.733263+00:00,reject_dead,0,,,2026-09-13T02:17:13.441794+00:00,board live but zero open jobs
lever,coderio,cdx:jobs.lever.co:c,2026-09-13T02:02:49.733289+00:00,added,22,Coderio,coderio.com,2026-09-13T02:17:15.201353+00:00,domain from page links
lever,coderpad,cdx:jobs.lever.co:c,2026-09-13T02:02:49.733460+00:00,reject_too_few,5,,,2026-09-13T02:17:17.094974+00:00,5 < 8
lever,codeway,cdx:jobs.lever.co:c,2026-09-13T02:02:49.733522+00:00,reject_dead,0,,,2026-09-13T02:17:20.420757+00:00,board live but zero open jobs
lever,cofactor-genomics,cdx:jobs.lever.co:c,2026-09-13T02:02:49.734125+00:00,reject_dead,0,,,2026-09-13T02:17:21.334725+00:00,http 404
lever,cofactr,cdx:jobs.lever.co:c,2026-09-13T02:02:49.734138+00:00,reject_dead,0,,,2026-09-13T02:17:22.335562+00:00,http 404
lever,coforma,cdx:jobs.lever.co:c,2026-09-13T02:02:49.734162+00:00,reject_dead,0,,,2026-09-13T02:17:23.334285+00:00,http 404
lever,cogentanalytics,cdx:jobs.lever.co:c,2026-09-13T02:02:49.734211+00:00,added,182,Cogent Talent Solutions,cogentanalytics.com,2026-09-13T02:17:25.691385+00:00,domain from page links
lever,cogentbiosciences,cdx:jobs.lever.co:c,2026-09-13T02:02:49.736043+00:00,reject_dead,0,,,2026-09-13T02:17:26.552007+00:00,http 404
lever,cogility,cdx:jobs.lever.co:c,2026-09-13T02:02:49.736155+00:00,reject_dead,0,,,2026-09-13T02:17:27.563168+00:00,board live but zero open jobs
lever,cognite,cdx:jobs.lever.co:c,2026-09-13T02:02:49.736163+00:00,reject_dead,0,,,2026-09-13T02:17:28.554150+00:00,http 404
lever,cognitiv,cdx:jobs.lever.co:c,2026-09-13T02:02:49.737143+00:00,reject_dead,0,,,2026-09-13T02:17:29.554526+00:00,http 404
lever,coiled,cdx:jobs.lever.co:c,2026-09-13T02:02:49.739005+00:00,reject_dead,0,,,2026-09-13T02:17:32.289655+00:00,http 404
lever,coingecko,cdx:jobs.lever.co:c,2026-09-13T02:02:49.739037+00:00,reject_too_few,1,,,2026-09-13T02:17:35.288422+00:00,1 < 8
lever,coinmarketcap,cdx:jobs.lever.co:c,2026-09-13T02:02:49.739536+00:00,reject_too_few,6,,,2026-09-13T02:17:36.313636+00:00,6 < 8
lever,coins,cdx:jobs.lever.co:c,2026-09-13T02:02:49.741360+00:00,added,119,Coins.ph,coins.ph,2026-09-13T02:17:40.391907+00:00,domain from page links
lever,,cdx:jobs.lever.co:c,2026-09-13T02:02:49.741918+00:00,shard_marker,,,,,
lever,e-core,cdx:jobs.lever.co:e,2026-09-13T02:03:19.247579+00:00,reject_dead,0,,,2026-09-13T02:17:42.813152+00:00,http 404
lever,e184,cdx:jobs.lever.co:e,2026-09-13T02:03:19.248527+00:00,reject_too_few,4,,,2026-09-13T02:17:43.812069+00:00,4 < 8
lever,e2optics,cdx:jobs.lever.co:e,2026-09-13T02:03:19.248662+00:00,reject_dead,0,,,2026-09-13T02:17:45.998966+00:00,http 404
lever,eargo,cdx:jobs.lever.co:e,2026-09-13T02:03:19.249386+00:00,reject_dead,0,,,2026-09-13T02:17:47.001736+00:00,http 404
lever,earthrated,cdx:jobs.lever.co:e,2026-09-13T02:03:19.249462+00:00,reject_dead,0,,,2026-09-13T02:17:48.091124+00:00,board live but zero open jobs
lever,earthspecies,cdx:jobs.lever.co:e,2026-09-13T02:03:19.249568+00:00,reject_too_few,3,,,2026-09-13T02:17:50.221882+00:00,3 < 8
lever,eastern-communications,cdx:jobs.lever.co:e,2026-09-13T02:03:19.249742+00:00,added,17,Eastern Communications,easterncommunications.com,2026-09-13T02:17:54.499467+00:00,domain from page links
lever,eastwall,cdx:jobs.lever.co:e,2026-09-13T02:03:19.249919+00:00,reject_dead,0,,,2026-09-13T02:17:55.351410+00:00,http 404
lever,easyagile,cdx:jobs.lever.co:e,2026-09-13T02:03:19.250144+00:00,reject_dead,0,,,2026-09-13T02:17:56.374523+00:00,board live but zero open jobs
lever,easybrain,cdx:jobs.lever.co:e,2026-09-13T02:03:19.250321+00:00,reject_no_domain,10,Easybrain,,2026-09-13T02:17:59.615296+00:00,no domain on this page; no domain on this page
lever,easypost-2,cdx:jobs.lever.co:e,2026-09-13T02:03:19.250733+00:00,reject_too_few,3,,,2026-09-13T02:18:03.081684+00:00,3 < 8
lever,easystreetcap,cdx:jobs.lever.co:e,2026-09-13T02:03:19.251554+00:00,reject_no_domain,10,Easy Street Capital,,2026-09-13T02:18:05.368929+00:00,no domain on this page; no domain on this page
lever,echtra,cdx:jobs.lever.co:e,2026-09-13T02:03:19.251924+00:00,reject_too_few,2,,,2026-09-13T02:18:08.628108+00:00,2 < 8
lever,ecldc,cdx:jobs.lever.co:e,2026-09-13T02:03:19.252385+00:00,reject_too_few,6,,,2026-09-13T02:18:11.220641+00:00,6 < 8
lever,economicmodeling,cdx:jobs.lever.co:e,2026-09-13T02:03:19.252416+00:00,added,28,Lightcast,lightcast.io,2026-09-13T02:18:12.520295+00:00,domain from page links
lever,econstruct,cdx:jobs.lever.co:e,2026-09-13T02:03:19.254484+00:00,added,19,econstruct,econstruct.co,2026-09-13T02:18:13.605938+00:00,domain from page links
lever,ecosystem,cdx:jobs.lever.co:e,2026-09-13T02:03:19.255440+00:00,added,14,Ecosystem,ecosystem-energy.com,2026-09-13T02:18:14.632325+00:00,domain from page links
lever,edacious,cdx:jobs.lever.co:e,2026-09-13T02:03:19.255736+00:00,reject_dead,0,,,2026-09-13T02:18:15.415277+00:00,board live but zero open jobs
lever,edera,cdx:jobs.lever.co:e,2026-09-13T02:03:19.255761+00:00,reject_dead,0,,,2026-09-13T02:18:17.051492+00:00,board live but zero open jobs
lever,edgeofs,cdx:jobs.lever.co:e,2026-09-13T02:03:19.255874+00:00,added,24,Edge OFS,edgeofs.com,2026-09-13T02:18:17.855372+00:00,domain from page links
lever,edgrp,cdx:jobs.lever.co:e,2026-09-13T02:03:19.256951+00:00,reject_dead,0,,,2026-09-13T02:18:20.845900+00:00,http 404
lever,editorialist,cdx:jobs.lever.co:e,2026-09-13T02:03:19.257305+00:00,reject_too_few,6,,,2026-09-13T02:18:21.866590+00:00,6 < 8
lever,edpuzzle,cdx:jobs.lever.co:e,2026-09-13T02:03:19.257503+00:00,reject_too_few,3,,,2026-09-13T02:18:24.126030+00:00,3 < 8
lever,educationatwork,cdx:jobs.lever.co:e,2026-09-13T02:03:19.257862+00:00,reject_dead,0,,,2026-09-13T02:18:25.035978+00:00,http 404
lever,educative,cdx:jobs.lever.co:e,2026-09-13T02:03:19.258469+00:00,added,11,Educative Inc,educative.io,2026-09-13T02:18:26.571454+00:00,domain from page links
lever,efinti,cdx:jobs.lever.co:e,2026-09-13T02:03:19.258901+00:00,reject_dead,0,,,2026-09-13T02:18:27.434686+00:00,board live but zero open jobs
lever,egen,cdx:jobs.lever.co:e,2026-09-13T02:03:19.259030+00:00,added,16,Egen,egen.ai,2026-09-13T02:18:28.753674+00:00,domain from page links
lever,egenesisbio,cdx:jobs.lever.co:e,2026-09-13T02:03:19.259627+00:00,added,12,eGenesis,egenesisbio.com,2026-09-13T02:18:37.157442+00:00,domain from page links
lever,einride,cdx:jobs.lever.co:e,2026-09-13T02:03:19.260043+00:00,reject_dead,0,,,2026-09-13T02:18:38.098026+00:00,http 404
lever,ekimetrics,cdx:jobs.lever.co:e,2026-09-13T02:03:19.260170+00:00,added,32,Ekimetrics,eki.academy,2026-09-13T02:18:40.243304+00:00,domain from page links
lever,ekohealth,cdx:jobs.lever.co:e,2026-09-13T02:03:19.260463+00:00,reject_too_few,4,,,2026-09-13T02:18:41.112374+00:00,4 < 8
lever,elearningmind,cdx:jobs.lever.co:e,2026-09-13T02:03:19.260581+00:00,reject_dead,0,,,2026-09-13T02:18:43.214625+00:00,http 404
lever,electricmind,cdx:jobs.lever.co:e,2026-09-13T02:03:19.260598+00:00,added,13,Electric Mind,electricmind.com,2026-09-13T02:18:44.708600+00:00,domain from page links
lever,electrifiedthermalsolutions,cdx:jobs.lever.co:e,2026-09-13T02:03:19.260704+00:00,reject_dead,0,,,2026-09-13T02:18:46.604356+00:00,http 404
lever,eleks,cdx:jobs.lever.co:e,2026-09-13T02:03:19.260778+00:00,added,27,Eleks,eleks.com,2026-09-13T02:18:48.218609+00:00,domain from page links
lever,elementsolutions,cdx:jobs.lever.co:e,2026-09-13T02:03:19.261424+00:00,reject_too_few,3,,,2026-09-13T02:18:49.024004+00:00,3 < 8
lever,elementus,cdx:jobs.lever.co:e,2026-09-13T02:03:19.261666+00:00,reject_dead,0,,,2026-09-13T02:18:49.939684+00:00,http 404
lever,eleostech,cdx:jobs.lever.co:e,2026-09-13T02:03:19.261705+00:00,reject_too_few,2,,,2026-09-13T02:18:53.396420+00:00,2 < 8
lever,elevatelabs,cdx:jobs.lever.co:e,2026-09-13T02:03:19.261736+00:00,reject_dead,0,,,2026-09-13T02:18:54.398558+00:00,http 404
lever,elfbeauty,cdx:jobs.lever.co:e,2026-09-13T02:03:19.261749+00:00,added,78,e.l.f. Beauty,elfbeauty.com,2026-09-13T02:19:01.181371+00:00,domain from page links
lever,eliyan,cdx:jobs.lever.co:e,2026-09-13T02:03:19.294777+00:00,reject_no_domain,24,Eliyan,,2026-09-13T02:19:03.106221+00:00,no domain on this page; no domain on this page
lever,ellevationeducation,cdx:jobs.lever.co:e,2026-09-13T02:03:19.295004+00:00,reject_too_few,3,,,2026-09-13T02:19:03.694462+00:00,3 < 8
lever,elliveproductions,cdx:jobs.lever.co:e,2026-09-13T02:03:19.295090+00:00,reject_dead,0,,,2026-09-13T02:19:07.257594+00:00,http 404
lever,elodiegames,cdx:jobs.lever.co:e,2026-09-13T02:03:19.295126+00:00,reject_dead,0,,,2026-09-13T02:19:08.262009+00:00,http 404
lever,elroyair,cdx:jobs.lever.co:e,2026-09-13T02:03:19.295158+00:00,added,8,Elroy Air,elroyair.com,2026-09-13T02:19:09.761509+00:00,domain from page links
lever,elty,cdx:jobs.lever.co:e,2026-09-13T02:03:19.295212+00:00,reject_too_few,2,,,2026-09-13T02:19:10.778701+00:00,2 < 8
lever,emburse,cdx:jobs.lever.co:e,2026-09-13T02:03:19.295265+00:00,added,34,Emburse,emburse.com,2026-09-13T02:19:12.079040+00:00,domain from page links
lever,emergence,cdx:jobs.lever.co:e,2026-09-13T02:03:19.295555+00:00,reject_dead,0,,,2026-09-13T02:19:12.892839+00:00,board live but zero open jobs
lever,emersoncollective,cdx:jobs.lever.co:e,2026-09-13T02:03:19.295564+00:00,reject_dead,0,,,2026-09-13T02:19:13.879873+00:00,board live but zero open jobs
lever,emersonhc,cdx:jobs.lever.co:e,2026-09-13T02:03:19.296277+00:00,reject_too_few,2,,,2026-09-13T02:19:16.977262+00:00,2 < 8
lever,emesent,cdx:jobs.lever.co:e,2026-09-13T02:03:19.296316+00:00,reject_dead,0,,,2026-09-13T02:19:20.573874+00:00,http 404
lever,emilabs,cdx:jobs.lever.co:e,2026-09-13T02:03:19.296417+00:00,added,10,Emi Labs,emilabs.ai,2026-09-13T02:19:22.120015+00:00,domain from page links
lever,emilyslist,cdx:jobs.lever.co:e,2026-09-13T02:03:19.296701+00:00,reject_too_few,5,,,2026-09-13T02:19:22.679368+00:00,5 < 8
lever,emitwise,cdx:jobs.lever.co:e,2026-09-13T02:03:19.296885+00:00,reject_dead,0,,,2026-09-13T02:19:23.686412+00:00,board live but zero open jobs
lever,emma-sleep,cdx:jobs.lever.co:e,2026-09-13T02:03:19.296893+00:00,added,65,Emma – The Sleep Company,emma-sleep.com,2026-09-13T02:19:25.368393+00:00,domain from page links
lever,empassion.com,cdx:jobs.lever.co:e,2026-09-13T02:03:19.299224+00:00,reject_too_few,5,,,2026-09-13T02:19:26.208552+00:00,5 < 8
lever,empiricotx,cdx:jobs.lever.co:e,2026-09-13T02:03:19.299320+00:00,reject_dead,0,,,2026-09-13T02:19:27.164644+00:00,board live but zero open jobs
lever,employ,cdx:jobs.lever.co:e,2026-09-13T02:03:19.299416+00:00,reject_too_few,3,,,2026-09-13T02:19:28.182941+00:00,3 < 8
lever,empowerly,cdx:jobs.lever.co:e,2026-09-13T02:03:19.299472+00:00,reject_dead,0,,,2026-09-13T02:19:29.392112+00:00,board live but zero open jobs
lever,empowerpartnerships,cdx:jobs.lever.co:e,2026-09-13T02:03:19.299596+00:00,reject_dead,0,,,2026-09-13T02:19:31.729130+00:00,http 404
lever,enable,cdx:jobs.lever.co:e,2026-09-13T02:03:19.299632+00:00,reject_too_few,3,,,2026-09-13T02:19:34.435392+00:00,3 < 8
lever,enablecomp,cdx:jobs.lever.co:e,2026-09-13T02:03:19.301564+00:00,added,16,EnableComp,enablecomp.com,2026-09-13T02:19:35.355796+00:00,domain from page links
lever,enarahealth,cdx:jobs.lever.co:e,2026-09-13T02:03:19.301653+00:00,reject_dead,0,,,2026-09-13T02:19:36.008858+00:00,http 404
lever,encore-renewable-energy,cdx:jobs.lever.co:e,2026-09-13T02:03:19.301710+00:00,reject_too_few,1,,,2026-09-13T02:19:38.438372+00:00,1 < 8
lever,encorevet,cdx:jobs.lever.co:e,2026-09-13T02:03:19.301784+00:00,reject_dead,0,,,2026-09-13T02:19:40.341663+00:00,http 404
lever,end,cdx:jobs.lever.co:e,2026-09-13T02:03:19.301843+00:00,reject_dead,0,,,2026-09-13T02:19:41.361536+00:00,board live but zero open jobs
lever,endpointclinical,cdx:jobs.lever.co:e,2026-09-13T02:03:19.301870+00:00,added,20,Endpoint Clinical,endpointclinical.com,2026-09-13T02:19:44.157023+00:00,domain from page links
lever,endpointclosing,cdx:jobs.lever.co:e,2026-09-13T02:03:19.302252+00:00,reject_dead,0,,,2026-09-13T02:19:44.711300+00:00,board live but zero open jobs
lever,energeticcapital,cdx:jobs.lever.co:e,2026-09-13T02:03:19.302289+00:00,reject_too_few,1,,,2026-09-13T02:19:45.750161+00:00,1 < 8
lever,energy-by-5,cdx:jobs.lever.co:e,2026-09-13T02:03:19.302322+00:00,added,11,5,energyby5.com,2026-09-13T02:19:47.838359+00:00,domain from page links
lever,energyrecovery,cdx:jobs.lever.co:e,2026-09-13T02:03:19.302581+00:00,reject_too_few,2,,,2026-09-13T02:19:48.533281+00:00,2 < 8
lever,energyvault,cdx:jobs.lever.co:e,2026-09-13T02:03:19.302681+00:00,reject_dead,0,,,2026-09-13T02:19:49.520496+00:00,http 404
lever,enertechsearch,cdx:jobs.lever.co:e,2026-09-13T02:03:19.302802+00:00,reject_dead,0,,,2026-09-13T02:19:50.932352+00:00,http 404
lever,engene,cdx:jobs.lever.co:e,2026-09-13T02:03:19.302811+00:00,reject_dead,0,,,2026-09-13T02:19:53.762240+00:00,board live but zero open jobs
lever,engine,cdx:jobs.lever.co:e,2026-09-13T02:03:19.302835+00:00,reject_too_few,3,,,2026-09-13T02:19:57.979612+00:00,3 < 8
lever,engine-ventures,cdx:jobs.lever.co:e,2026-09-13T02:03:19.302843+00:00,reject_too_few,1,,,2026-09-13T02:20:07.044743+00:00,1 < 8
lever,enhanced-us,cdx:jobs.lever.co:e,2026-09-13T02:03:19.302933+00:00,reject_too_few,1,,,2026-09-13T02:20:07.882642+00:00,1 < 8
lever,entanglelabs,cdx:jobs.lever.co:e,2026-09-13T02:03:19.302968+00:00,reject_dead,0,,,2026-09-13T02:20:11.026756+00:00,http 404
lever,entefy,cdx:jobs.lever.co:e,2026-09-13T02:03:19.303579+00:00,added,14,Entefy,entefy.com,2026-09-13T02:20:14.640687+00:00,domain from page links
lever,enter-rcm-llc,cdx:jobs.lever.co:e,2026-09-13T02:03:19.303855+00:00,reject_too_few,3,,,2026-09-13T02:20:15.565294+00:00,3 < 8
lever,entrata,cdx:jobs.lever.co:e,2026-09-13T02:03:19.303890+00:00,added,17,Entrata,entrata.com,2026-09-13T02:20:24.914745+00:00,domain from page links
lever,envato-2,cdx:jobs.lever.co:e,2026-09-13T02:03:19.304511+00:00,reject_too_few,2,,,2026-09-13T02:20:26.338686+00:00,2 < 8
lever,enveda,cdx:jobs.lever.co:e,2026-09-13T02:03:19.306401+00:00,reject_too_few,7,,,2026-09-13T02:20:33.641233+00:00,7 < 8
lever,envedabio,cdx:jobs.lever.co:e,2026-09-13T02:03:19.306458+00:00,reject_dead,0,,,2026-09-13T02:20:35.629757+00:00,http 404
lever,epicio,cdx:jobs.lever.co:e,2026-09-13T02:03:19.307093+00:00,reject_dead,0,,,2026-09-13T02:20:36.629931+00:00,http 404
lever,epifi,cdx:jobs.lever.co:e,2026-09-13T02:03:19.307102+00:00,reject_no_domain,11,Workloom,,2026-09-13T02:20:42.918431+00:00,no domain on this page; no domain on this page
lever,episci,cdx:jobs.lever.co:e,2026-09-13T02:03:19.307279+00:00,reject_dead,0,,,2026-09-13T02:20:44.082478+00:00,http 404
lever,epm,cdx:jobs.lever.co:e,2026-09-13T02:03:19.307324+00:00,reject_too_few,7,,,2026-09-13T02:20:58.949079+00:00,7 < 8
lever,epoch-ai,cdx:jobs.lever.co:e,2026-09-13T02:03:19.307377+00:00,added,9,Epoch AI,epoch.ai,2026-09-13T02:21:03.098017+00:00,domain from page links
lever,epsilon3,cdx:jobs.lever.co:e,2026-09-13T02:03:19.307546+00:00,reject_too_few,5,,,2026-09-13T02:21:03.698907+00:00,5 < 8
lever,eqbank,cdx:jobs.lever.co:e,2026-09-13T02:03:19.307724+00:00,reject_no_domain,70,EQ Bank | Canada's Challenger Bank,,2026-09-13T02:21:07.843984+00:00,no domain on this page; no domain on this page
lever,equativ,cdx:jobs.lever.co:e,2026-09-13T02:03:19.309369+00:00,added,20,Equativ,equativ.com,2026-09-13T02:21:11.527597+00:00,domain from page links
lever,equiphealth,cdx:jobs.lever.co:e,2026-09-13T02:03:19.309934+00:00,reject_dead,0,,,2026-09-13T02:21:13.727669+00:00,http 404
lever,equitasacademy,cdx:jobs.lever.co:e,2026-09-13T02:03:19.310034+00:00,added,19,Equitas Academy Charter Schools,equitasacademy.org,2026-09-13T02:21:15.143544+00:00,domain from page links
lever,er-meds,cdx:jobs.lever.co:e,2026-09-13T02:03:19.310092+00:00,added,27,Er-Meds,er-meds.com,2026-09-13T02:21:16.123290+00:00,domain from page links
lever,erg,cdx:jobs.lever.co:e,2026-09-13T02:03:19.310206+00:00,added,30,ERG,erg.com,2026-09-13T02:21:19.731548+00:00,domain from page links
lever,erpsuccesspartners,cdx:jobs.lever.co:e,2026-09-13T02:03:19.310577+00:00,reject_dead,0,,,2026-09-13T02:21:20.666554+00:00,board live but zero open jobs
lever,esalen,cdx:jobs.lever.co:e,2026-09-13T02:03:19.310586+00:00,added,14,Esalen Institute,esalen.org,2026-09-13T02:21:21.916694+00:00,domain from page links
lever,espace,cdx:jobs.lever.co:e,2026-09-13T02:03:19.310639+00:00,added,121,E-Space,e-space.com,2026-09-13T02:21:23.155464+00:00,domain from page links
lever,esper,cdx:jobs.lever.co:e,2026-09-13T02:03:19.311127+00:00,reject_too_few,4,,,2026-09-13T02:21:23.776489+00:00,4 < 8
lever,espresso,cdx:jobs.lever.co:e,2026-09-13T02:03:19.311274+00:00,reject_dead,0,,,2026-09-13T02:21:25.085212+00:00,http 404
lever,esrtreit,cdx:jobs.lever.co:e,2026-09-13T02:03:19.311863+00:00,added,11,Empire State Realty Trust,esrtreit.com,2026-09-13T02:21:26.368918+00:00,domain from page links
lever,estenda,cdx:jobs.lever.co:e,2026-09-13T02:03:19.312019+00:00,reject_dead,0,,,2026-09-13T02:21:27.241277+00:00,board live but zero open jobs
lever,eternal,cdx:jobs.lever.co:e,2026-09-13T02:03:19.312052+00:00,reject_too_few,4,,,2026-09-13T02:21:28.257679+00:00,4 < 8
lever,ethena,cdx:jobs.lever.co:e,2026-09-13T02:03:19.312185+00:00,reject_too_few,6,,,2026-09-13T02:21:29.255755+00:00,6 < 8
lever,ethenalabs,cdx:jobs.lever.co:e,2026-09-13T02:03:19.312323+00:00,reject_dead,0,,,2026-09-13T02:21:30.337774+00:00,board live but zero open jobs
lever,ethereumfoundation,cdx:jobs.lever.co:e,2026-09-13T02:03:19.312844+00:00,reject_dead,0,,,2026-09-13T02:21:31.233398+00:00,http 404
lever,ethree,cdx:jobs.lever.co:e,2026-09-13T02:03:19.313429+00:00,reject_too_few,2,,,2026-09-13T02:21:32.251763+00:00,2 < 8
lever,eudia,cdx:jobs.lever.co:e,2026-09-13T02:03:19.313485+00:00,reject_dead,0,,,2026-09-13T02:21:34.334834+00:00,http 404
lever,eve,cdx:jobs.lever.co:e,2026-09-13T02:03:19.315230+00:00,reject_dead,0,,,2026-09-13T02:21:35.437249+00:00,http 404
lever,eventbase.com,cdx:jobs.lever.co:e,2026-09-13T02:03:19.317535+00:00,reject_dead,0,,,2026-09-13T02:21:38.698392+00:00,http 404
lever,everbridge,cdx:jobs.lever.co:e,2026-09-13T02:03:19.317564+00:00,added,18,Everbridge,everbridge.com,2026-09-13T02:21:40.076948+00:00,domain from page links
lever,evergreenstrategygroup,cdx:jobs.lever.co:e,2026-09-13T02:03:19.318763+00:00,reject_too_few,1,,,2026-09-13T02:21:43.134499+00:00,1 < 8
lever,everlywell,cdx:jobs.lever.co:e,2026-09-13T02:03:19.318794+00:00,added,17,Everlywell,everlywell.com,2026-09-13T02:21:44.434949+00:00,domain from page links
lever,evidentid,cdx:jobs.lever.co:e,2026-09-13T02:03:19.319535+00:00,reject_too_few,5,,,2026-09-13T02:21:46.680701+00:00,5 < 8
lever,evocalize,cdx:jobs.lever.co:e,2026-09-13T02:03:19.319579+00:00,reject_dead,0,,,2026-09-13T02:21:47.662114+00:00,http 404
lever,evr,cdx:jobs.lever.co:e,2026-09-13T02:03:19.319587+00:00,added,52,Elk Valley Resources,evr.com,2026-09-13T02:21:50.637384+00:00,domain from page links
lever,evrealty-us,cdx:jobs.lever.co:e,2026-09-13T02:03:19.319913+00:00,reject_too_few,1,,,2026-09-13T02:21:53.904059+00:00,1 < 8
lever,exa-labs,cdx:jobs.lever.co:e,2026-09-13T02:03:19.319939+00:00,reject_dead,0,,,2026-09-13T02:21:55.929132+00:00,http 404
lever,exowatt,cdx:jobs.lever.co:e,2026-09-13T02:03:19.320069+00:00,reject_no_domain,17,Exowatt,,2026-09-13T02:21:58.325156+00:00,no domain on this page; no domain on this page
lever,expliseat,cdx:jobs.lever.co:e,2026-09-13T02:03:19.320379+00:00,reject_dead,0,,,2026-09-13T02:24:32.053460+00:00,http 404
lever,explodingkittens,cdx:jobs.lever.co:e,2026-09-13T02:03:19.320389+00:00,reject_too_few,4,,,2026-09-13T02:24:35.751998+00:00,4 < 8
lever,extremenetworks,cdx:jobs.lever.co:e,2026-09-13T02:03:19.320450+00:00,added,144,Extreme Networks,extremenetworks.com,2026-09-13T02:24:40.667972+00:00,domain from page links (name match)
lever,extropic,cdx:jobs.lever.co:e,2026-09-13T02:03:19.329940+00:00,reject_dead,0,,,2026-09-13T02:24:41.722256+00:00,board live but zero open jobs
lever,exygy,cdx:jobs.lever.co:e,2026-09-13T02:03:19.330296+00:00,reject_dead,0,,,2026-09-13T02:24:44.512377+00:00,board live but zero open jobs
lever,eyeline,cdx:jobs.lever.co:e,2026-09-13T02:03:19.330365+00:00,reject_dead,0,,,2026-09-13T02:24:47.308928+00:00,http 404
lever,,cdx:jobs.lever.co:e,2026-09-13T02:03:19.330433+00:00,shard_marker,,,,,
lever,nacsworld,cdx:jobs.lever.co:n,2026-09-13T02:03:30.414146+00:00,added,19,North America Construction (1993) Ltd. - NAC Constructors Ltd.,nacsworld.com,2026-09-13T02:24:50.128297+00:00,domain from page links (name match)
lever,nahc,cdx:jobs.lever.co:n,2026-09-13T02:03:30.414707+00:00,added,35,nahc.io,nahc.io,2026-09-13T02:24:53.275314+00:00,domain from page links (name match)
lever,nainnorcal,cdx:jobs.lever.co:n,2026-09-13T02:03:30.414907+00:00,reject_no_domain,17,NAI Northern California,,2026-09-13T02:24:57.937711+00:00,no domain on this page; no domain on this page
lever,narmi,cdx:jobs.lever.co:n,2026-09-13T02:03:30.415061+00:00,reject_dead,0,,,2026-09-13T02:24:58.486922+00:00,board live but zero open jobs
lever,nasafcu,cdx:jobs.lever.co:n,2026-09-13T02:03:30.415588+00:00,reject_too_few,6,,,2026-09-13T02:24:59.518778+00:00,6 < 8
lever,nationaljournal,cdx:jobs.lever.co:n,2026-09-13T02:03:30.415693+00:00,reject_too_few,6,,,2026-09-13T02:25:01.068286+00:00,6 < 8
lever,natronenergy,cdx:jobs.lever.co:n,2026-09-13T02:03:30.415727+00:00,reject_dead,0,,,2026-09-13T02:25:03.281807+00:00,http 404
lever,naturesfynd,cdx:jobs.lever.co:n,2026-09-13T02:03:30.416205+00:00,reject_dead,0,,,2026-09-13T02:25:04.349271+00:00,http 404
lever,nava,cdx:jobs.lever.co:n,2026-09-13T02:03:30.416225+00:00,reject_dead,0,,,2026-09-13T02:25:07.421679+00:00,board live but zero open jobs
lever,navisite,cdx:jobs.lever.co:n,2026-09-13T02:03:30.417864+00:00,reject_dead,0,,,2026-09-13T02:25:11.600623+00:00,board live but zero open jobs
lever,nclusioninc,cdx:jobs.lever.co:n,2026-09-13T02:03:30.417897+00:00,reject_dead,0,,,2026-09-13T02:25:12.184217+00:00,board live but zero open jobs
lever,nebra-labs,cdx:jobs.lever.co:n,2026-09-13T02:03:30.417934+00:00,reject_dead,0,,,2026-09-13T02:25:13.184829+00:00,http 404
lever,neednova,cdx:jobs.lever.co:n,2026-09-13T02:03:30.417975+00:00,reject_dead,0,,,2026-09-13T02:25:14.176263+00:00,http 404
lever,neighbor,cdx:jobs.lever.co:n,2026-09-13T02:03:30.418667+00:00,added,12,Neighbor,neighbor.com,2026-09-13T02:25:30.728750+00:00,domain from page links (name match)
lever,nekohealth,cdx:jobs.lever.co:n,2026-09-13T02:03:30.419073+00:00,reject_dead,0,,,2026-09-13T02:25:32.138448+00:00,http 404
lever,nelly,cdx:jobs.lever.co:n,2026-09-13T02:03:30.419586+00:00,reject_dead,0,,,2026-09-13T02:25:32.784356+00:00,http 404
lever,nemesiscorporation,cdx:jobs.lever.co:n,2026-09-13T02:03:30.419894+00:00,reject_dead,0,,,2026-09-13T02:25:34.980216+00:00,board live but zero open jobs
lever,neon,cdx:jobs.lever.co:n,2026-09-13T02:03:30.420122+00:00,added,11,Neon Pagamentos,neon.com.br,2026-09-13T02:25:36.425060+00:00,domain from page links (name match)
lever,neowiz,cdx:jobs.lever.co:n,2026-09-13T02:03:30.420681+00:00,added,20,Neowiz,neowiz.com,2026-09-13T02:25:37.951701+00:00,domain from page links (name match)
lever,nesthealth,cdx:jobs.lever.co:n,2026-09-13T02:03:30.420859+00:00,reject_dead,0,,,2026-09-13T02:25:38.560014+00:00,http 404
lever,nestig,cdx:jobs.lever.co:n,2026-09-13T02:03:30.421325+00:00,reject_dead,0,,,2026-09-13T02:25:39.567478+00:00,http 404
lever,nesto,cdx:jobs.lever.co:n,2026-09-13T02:03:30.421341+00:00,reject_dead,0,,,2026-09-13T02:25:40.655516+00:00,http 404
lever,nestwealth,cdx:jobs.lever.co:n,2026-09-13T02:03:30.421711+00:00,reject_dead,0,,,2026-09-13T02:25:41.763321+00:00,http 404
lever,netlight,cdx:jobs.lever.co:n,2026-09-13T02:03:30.421720+00:00,added,36,Netlight,netlight.com,2026-09-13T02:25:43.140401+00:00,domain from page links (name match)
lever,netomi,cdx:jobs.lever.co:n,2026-09-13T02:03:30.421862+00:00,added,22,Netomi,netomi.com,2026-09-13T02:25:46.632613+00:00,domain from page links (name match)
lever,netvirta,cdx:jobs.lever.co:n,2026-09-13T02:03:30.422623+00:00,reject_dead,0,,,2026-09-13T02:25:48.466388+00:00,board live but zero open jobs
lever,neurologica,cdx:jobs.lever.co:n,2026-09-13T02:03:30.422633+00:00,reject_dead,0,,,2026-09-13T02:25:49.790053+00:00,http 404
lever,neuron7,cdx:jobs.lever.co:n,2026-09-13T02:03:30.424083+00:00,added,18,Neuron 7,neuron7.ai,2026-09-13T02:25:51.641475+00:00,domain from page links (name match)
lever,nevados,cdx:jobs.lever.co:n,2026-09-13T02:03:30.424110+00:00,reject_dead,0,,,2026-09-13T02:25:52.194446+00:00,board live but zero open jobs
lever,newton,cdx:jobs.lever.co:n,2026-09-13T02:03:30.424151+00:00,reject_too_few,3,,,2026-09-13T02:25:53.205116+00:00,3 < 8
lever,newwestern,cdx:jobs.lever.co:n,2026-09-13T02:03:30.424242+00:00,added,29,New Western,newwestern.com,2026-09-13T02:25:56.767919+00:00,domain from page links (name match)
lever,newwesterncorporate,cdx:jobs.lever.co:n,2026-09-13T02:03:30.424840+00:00,reject_too_few,5,,,2026-09-13T02:26:06.098558+00:00,5 < 8
lever,newzealandtradeandenterprise,cdx:jobs.lever.co:n,2026-09-13T02:03:30.424883+00:00,reject_too_few,5,,,2026-09-13T02:26:11.939982+00:00,5 < 8
lever,nexigendigital,cdx:jobs.lever.co:n,2026-09-13T02:03:30.425108+00:00,reject_dead,0,,,2026-09-13T02:26:15.244456+00:00,http 404
lever,nexos,cdx:jobs.lever.co:n,2026-09-13T02:03:30.425140+00:00,reject_dead,0,,,2026-09-13T02:26:16.245514+00:00,http 404
lever,next-decade,cdx:jobs.lever.co:n,2026-09-13T02:03:30.425285+00:00,reject_dead,0,,,2026-09-13T02:26:17.245445+00:00,board live but zero open jobs
lever,next-health,cdx:jobs.lever.co:n,2026-09-13T02:03:30.425841+00:00,added,16,Next Health,next-health.com,2026-09-13T02:26:18.611738+00:00,domain from page links (name match)
lever,nextdata,cdx:jobs.lever.co:n,2026-09-13T02:03:30.426040+00:00,reject_dead,0,,,2026-09-13T02:26:19.243946+00:00,http 404
lever,nextech,cdx:jobs.lever.co:n,2026-09-13T02:03:30.426252+00:00,added,10,Nextech,nextech.com,2026-09-13T02:26:20.867254+00:00,domain from page links (name match)
lever,nextgenfed,cdx:jobs.lever.co:n,2026-09-13T02:03:30.426673+00:00,added,34,NextGen Federal Systems,nextgenfed.com,2026-09-13T02:26:24.034204+00:00,domain from page links (name match)
lever,nexthreat.com,cdx:jobs.lever.co:n,2026-09-13T02:03:30.426853+00:00,reject_dead,0,,,2026-09-13T02:26:24.718667+00:00,http 404
lever,nextmillennium,cdx:jobs.lever.co:n,2026-09-13T02:03:30.426923+00:00,reject_dead,0,,,2026-09-13T02:26:26.059490+00:00,http 404
lever,nextshiftlearning,cdx:jobs.lever.co:n,2026-09-13T02:03:30.427016+00:00,reject_dead,0,,,2026-09-13T02:26:28.162510+00:00,board live but zero open jobs
lever,nexuse-group,cdx:jobs.lever.co:n,2026-09-13T02:03:30.427035+00:00,added,40,Nexus Engineering Group,nexusegroup.com,2026-09-13T02:26:29.817926+00:00,domain from page links (name match)
lever,nfq,cdx:jobs.lever.co:n,2026-09-13T02:03:30.427324+00:00,added,11,NFQ,nfq.com,2026-09-13T02:26:30.769071+00:00,domain from page links (name match)
lever,nfx,cdx:jobs.lever.co:n,2026-09-13T02:03:30.427706+00:00,reject_too_few,1,,,2026-09-13T02:26:31.509123+00:00,1 < 8
lever,niagenbioscience,cdx:jobs.lever.co:n,2026-09-13T02:03:30.427768+00:00,reject_too_few,1,,,2026-09-13T02:26:33.376720+00:00,1 < 8
lever,nibiru,cdx:jobs.lever.co:n,2026-09-13T02:03:30.427803+00:00,added,9,Nibiru,nibiru.fi,2026-09-13T02:26:35.668218+00:00,domain from page links (name match)
lever,nicmap,cdx:jobs.lever.co:n,2026-09-13T02:03:30.427913+00:00,new,,,,,
lever,nielsen,cdx:jobs.lever.co:n,2026-09-13T02:03:30.427922+00:00,new,,,,,
lever,nilc,cdx:jobs.lever.co:n,2026-09-13T02:03:30.430414+00:00,new,,,,,
lever,nimbleai,cdx:jobs.lever.co:n,2026-09-13T02:03:30.430431+00:00,new,,,,,
lever,nimblerx,cdx:jobs.lever.co:n,2026-09-13T02:03:30.431867+00:00,new,,,,,
lever,nimbletalent,cdx:jobs.lever.co:n,2026-09-13T02:03:30.432931+00:00,new,,,,,
lever,nimbus,cdx:jobs.lever.co:n,2026-09-13T02:03:30.433002+00:00,new,,,,,
lever,ninjavan,cdx:jobs.lever.co:n,2026-09-13T02:03:30.433039+00:00,new,,,,,
lever,nithio,cdx:jobs.lever.co:n,2026-09-13T02:03:30.435862+00:00,new,,,,,
lever,nitra,cdx:jobs.lever.co:n,2026-09-13T02:03:30.435888+00:00,new,,,,,
lever,nium,cdx:jobs.lever.co:n,2026-09-13T02:03:30.436087+00:00,new,,,,,
lever,njstateofficeofinnovation,cdx:jobs.lever.co:n,2026-09-13T02:03:30.437033+00:00,new,,,,,
lever,nobody,cdx:jobs.lever.co:n,2026-09-13T02:03:30.437243+00:00,new,,,,,
lever,nobullproject,cdx:jobs.lever.co:n,2026-09-13T02:03:30.437253+00:00,new,,,,,
lever,nodereal,cdx:jobs.lever.co:n,2026-09-13T02:03:30.437322+00:00,new,,,,,
lever,noibutechnologies,cdx:jobs.lever.co:n,2026-09-13T02:03:30.437330+00:00,new,,,,,
lever,nolapublicschools,cdx:jobs.lever.co:n,2026-09-13T02:03:30.437588+00:00,new,,,,,
lever,nomagic,cdx:jobs.lever.co:n,2026-09-13T02:03:30.438806+00:00,new,,,,,
lever,nomihealth,cdx:jobs.lever.co:n,2026-09-13T02:03:30.442559+00:00,new,,,,,
lever,nominal,cdx:jobs.lever.co:n,2026-09-13T02:03:30.442737+00:00,new,,,,,
lever,noodle,cdx:jobs.lever.co:n,2026-09-13T02:03:30.444641+00:00,new,,,,,
lever,norcalcann,cdx:jobs.lever.co:n,2026-09-13T02:03:30.444742+00:00,new,,,,,
lever,nordsec,cdx:jobs.lever.co:n,2026-09-13T02:03:30.444762+00:00,new,,,,,
lever,normai,cdx:jobs.lever.co:n,2026-09-13T02:03:30.446369+00:00,new,,,,,
lever,normalyze,cdx:jobs.lever.co:n,2026-09-13T02:03:30.446526+00:00,new,,,,,
lever,northatlanticcorp,cdx:jobs.lever.co:n,2026-09-13T02:03:30.446557+00:00,new,,,,,
lever,notabene,cdx:jobs.lever.co:n,2026-09-13T02:03:30.446670+00:00,new,,,,,
lever,novara,cdx:jobs.lever.co:n,2026-09-13T02:03:30.446840+00:00,new,,,,,
lever,novaspace,cdx:jobs.lever.co:n,2026-09-13T02:03:30.446938+00:00,new,,,,,
lever,novatalent,cdx:jobs.lever.co:n,2026-09-13T02:03:30.446994+00:00,new,,,,,
lever,novir,cdx:jobs.lever.co:n,2026-09-13T02:03:30.447040+00:00,new,,,,,
lever,novosfiber,cdx:jobs.lever.co:n,2026-09-13T02:03:30.447222+00:00,new,,,,,
lever,npowermedicine,cdx:jobs.lever.co:n,2026-09-13T02:03:30.447232+00:00,new,,,,,
lever,nrccua,cdx:jobs.lever.co:n,2026-09-13T02:03:30.447272+00:00,new,,,,,
lever,nrwl,cdx:jobs.lever.co:n,2026-09-13T02:03:30.447301+00:00,new,,,,,
lever,ntdsoftware,cdx:jobs.lever.co:n,2026-09-13T02:03:30.447359+00:00,new,,,,,
lever,numeral,cdx:jobs.lever.co:n,2026-09-13T02:03:30.447578+00:00,new,,,,,
lever,numeris,cdx:jobs.lever.co:n,2026-09-13T02:03:30.447586+00:00,new,,,,,
lever,nutcrackertherapeutics,cdx:jobs.lever.co:n,2026-09-13T02:03:30.447606+00:00,new,,,,,
lever,nuuds,cdx:jobs.lever.co:n,2026-09-13T02:03:30.447646+00:00,new,,,,,
lever,nuvoair,cdx:jobs.lever.co:n,2026-09-13T02:03:30.447666+00:00,new,,,,,
lever,nxscale,cdx:jobs.lever.co:n,2026-09-13T02:03:30.447734+00:00,new,,,,,
lever,nyscf-2,cdx:jobs.lever.co:n,2026-09-13T02:03:30.447804+00:00,new,,,,,
lever,,cdx:jobs.lever.co:n,2026-09-13T02:03:30.447821+00:00,shard_marker,,,,,
lever,o-p-e-n,cdx:jobs.lever.co:o,2026-09-13T02:03:41.778805+00:00,new,,,,,
lever,oaknorth.ai,cdx:jobs.lever.co:o,2026-09-13T02:03:41.779055+00:00,new,,,,,
lever,objective,cdx:jobs.lever.co:o,2026-09-13T02:03:41.779260+00:00,new,,,,,
lever,obol-tech,cdx:jobs.lever.co:o,2026-09-13T02:03:41.779302+00:00,new,,,,,
lever,observablehq,cdx:jobs.lever.co:o,2026-09-13T02:03:41.779445+00:00,new,,,,,
lever,observeinc,cdx:jobs.lever.co:o,2026-09-13T02:03:41.779496+00:00,new,,,,,
lever,obsglobal,cdx:jobs.lever.co:o,2026-09-13T02:03:41.779505+00:00,new,,,,,
lever,oci,cdx:jobs.lever.co:o,2026-09-13T02:03:41.779513+00:00,new,,,,,
lever,ockam,cdx:jobs.lever.co:o,2026-09-13T02:03:41.779590+00:00,new,,,,,
lever,octoenergy,cdx:jobs.lever.co:o,2026-09-13T02:03:41.779621+00:00,new,,,,,
lever,octopus,cdx:jobs.lever.co:o,2026-09-13T02:03:41.796050+00:00,new,,,,,
lever,odaseva,cdx:jobs.lever.co:o,2026-09-13T02:03:41.796402+00:00,new,,,,,
lever,oddin,cdx:jobs.lever.co:o,2026-09-13T02:03:41.797582+00:00,new,,,,,
lever,offchainlabs,cdx:jobs.lever.co:o,2026-09-13T02:03:41.797698+00:00,new,,,,,
lever,ogury,cdx:jobs.lever.co:o,2026-09-13T02:03:41.799443+00:00,new,,,,,
lever,okendo,cdx:jobs.lever.co:o,2026-09-13T02:03:41.799948+00:00,new,,,,,
lever,oktopost,cdx:jobs.lever.co:o,2026-09-13T02:03:41.800189+00:00,new,,,,,
lever,oleria-security,cdx:jobs.lever.co:o,2026-09-13T02:03:41.800254+00:00,new,,,,,
lever,olo,cdx:jobs.lever.co:o,2026-09-13T02:03:41.800387+00:00,new,,,,,
lever,om1,cdx:jobs.lever.co:o,2026-09-13T02:03:41.801552+00:00,new,,,,,
lever,omnidesigntech,cdx:jobs.lever.co:o,2026-09-13T02:03:41.801564+00:00,new,,,,,
lever,omnidian,cdx:jobs.lever.co:o,2026-09-13T02:03:41.802438+00:00,new,,,,,
lever,omnisend,cdx:jobs.lever.co:o,2026-09-13T02:03:41.802710+00:00,new,,,,,
lever,onaroll,cdx:jobs.lever.co:o,2026-09-13T02:03:41.803001+00:00,new,,,,,
lever,onceuponafarm,cdx:jobs.lever.co:o,2026-09-13T02:03:41.803010+00:00,new,,,,,
lever,ondofinance,cdx:jobs.lever.co:o,2026-09-13T02:03:41.803221+00:00,new,,,,,
lever,onehouse,cdx:jobs.lever.co:o,2026-09-13T02:03:41.803546+00:00,new,,,,,
lever,oneimpression,cdx:jobs.lever.co:o,2026-09-13T02:03:41.803728+00:00,new,,,,,
lever,oneteam,cdx:jobs.lever.co:o,2026-09-13T02:03:41.803767+00:00,new,,,,,
lever,oneup,cdx:jobs.lever.co:o,2026-09-13T02:03:41.803883+00:00,new,,,,,
lever,onit,cdx:jobs.lever.co:o,2026-09-13T02:03:41.803893+00:00,new,,,,,
lever,onthespotdev,cdx:jobs.lever.co:o,2026-09-13T02:03:41.803908+00:00,new,,,,,
lever,ontic,cdx:jobs.lever.co:o,2026-09-13T02:03:41.804048+00:00,new,,,,,
lever,oomnitza,cdx:jobs.lever.co:o,2026-09-13T02:03:41.804154+00:00,new,,,,,
lever,oowlish,cdx:jobs.lever.co:o,2026-09-13T02:03:41.804208+00:00,new,,,,,
lever,openfarminc,cdx:jobs.lever.co:o,2026-09-13T02:03:41.805028+00:00,new,,,,,
lever,opengov,cdx:jobs.lever.co:o,2026-09-13T02:03:41.805072+00:00,new,,,,,
lever,openpayd,cdx:jobs.lever.co:o,2026-09-13T02:03:41.805142+00:00,new,,,,,
lever,openresearch,cdx:jobs.lever.co:o,2026-09-13T02:03:41.805277+00:00,new,,,,,
lever,openteam,cdx:jobs.lever.co:o,2026-09-13T02:03:41.805299+00:00,new,,,,,
lever,openx,cdx:jobs.lever.co:o,2026-09-13T02:03:41.805347+00:00,new,,,,,
lever,ophelia,cdx:jobs.lever.co:o,2026-09-13T02:03:41.806164+00:00,new,,,,,
lever,optimize.health,cdx:jobs.lever.co:o,2026-09-13T02:03:41.806269+00:00,new,,,,,
lever,optionmetrics,cdx:jobs.lever.co:o,2026-09-13T02:03:41.806304+00:00,new,,,,,
lever,opus1,cdx:jobs.lever.co:o,2026-09-13T02:03:41.806393+00:00,new,,,,,
lever,orbaerospace,cdx:jobs.lever.co:o,2026-09-13T02:03:41.806457+00:00,new,,,,,
lever,orbitalsidekick,cdx:jobs.lever.co:o,2026-09-13T02:03:41.807399+00:00,new,,,,,
lever,orcabiosystems,cdx:jobs.lever.co:o,2026-09-13T02:03:41.807627+00:00,new,,,,,
lever,orijin,cdx:jobs.lever.co:o,2026-09-13T02:03:41.808389+00:00,new,,,,,
lever,orum,cdx:jobs.lever.co:o,2026-09-13T02:03:41.808404+00:00,new,,,,,
lever,osaro,cdx:jobs.lever.co:o,2026-09-13T02:03:41.808621+00:00,new,,,,,
lever,osedea,cdx:jobs.lever.co:o,2026-09-13T02:03:41.808777+00:00,new,,,,,
lever,osmind,cdx:jobs.lever.co:o,2026-09-13T02:03:41.808936+00:00,new,,,,,
lever,ostealtherapeutics,cdx:jobs.lever.co:o,2026-09-13T02:03:41.809063+00:00,new,,,,,
lever,otilumionics,cdx:jobs.lever.co:o,2026-09-13T02:03:41.809083+00:00,new,,,,,
lever,ou-education-services,cdx:jobs.lever.co:o,2026-09-13T02:03:41.809147+00:00,new,,,,,
lever,our-place,cdx:jobs.lever.co:o,2026-09-13T02:03:41.809170+00:00,new,,,,,
lever,outcomesai,cdx:jobs.lever.co:o,2026-09-13T02:03:41.809260+00:00,new,,,,,
lever,outlast,cdx:jobs.lever.co:o,2026-09-13T02:03:41.809274+00:00,new,,,,,
lever,outpacebio,cdx:jobs.lever.co:o,2026-09-13T02:03:41.809321+00:00,new,,,,,
lever,outreach,cdx:jobs.lever.co:o,2026-09-13T02:03:41.809355+00:00,new,,,,,
lever,outsight,cdx:jobs.lever.co:o,2026-09-13T02:03:41.813111+00:00,new,,,,,
lever,outsourcedstaff,cdx:jobs.lever.co:o,2026-09-13T02:03:41.813205+00:00,new,,,,,
lever,overmind,cdx:jobs.lever.co:o,2026-09-13T02:03:41.813463+00:00,new,,,,,
lever,owner,cdx:jobs.lever.co:o,2026-09-13T02:03:41.813502+00:00,new,,,,,
lever,oxeonpartners,cdx:jobs.lever.co:o,2026-09-13T02:03:41.814305+00:00,new,,,,,
lever,oxman,cdx:jobs.lever.co:o,2026-09-13T02:03:41.814319+00:00,new,,,,,
lever,oxylabs,cdx:jobs.lever.co:o,2026-09-13T02:03:41.814405+00:00,new,,,,,
lever,,cdx:jobs.lever.co:o,2026-09-13T02:03:41.814731+00:00,shard_marker,,,,,
lever,d-edge,cdx:jobs.lever.co:d,2026-09-13T02:03:55.588095+00:00,new,,,,,
lever,d-fendsolutions,cdx:jobs.lever.co:d,2026-09-13T02:03:55.588405+00:00,new,,,,,
lever,dabsinc,cdx:jobs.lever.co:d,2026-09-13T02:03:55.590868+00:00,new,,,,,
lever,dadavidson,cdx:jobs.lever.co:d,2026-09-13T02:03:55.591979+00:00,new,,,,,
lever,daedalean,cdx:jobs.lever.co:d,2026-09-13T02:03:55.605160+00:00,new,,,,,
lever,dailywire,cdx:jobs.lever.co:d,2026-09-13T02:03:55.605527+00:00,new,,,,,
lever,daniels-sharpsmart,cdx:jobs.lever.co:d,2026-09-13T02:03:55.605699+00:00,new,,,,,
lever,danson-solutions,cdx:jobs.lever.co:d,2026-09-13T02:03:55.609619+00:00,new,,,,,
lever,danti.ai,cdx:jobs.lever.co:d,2026-09-13T02:03:55.609658+00:00,new,,,,,
lever,daos-hub,cdx:jobs.lever.co:d,2026-09-13T02:03:55.609724+00:00,new,,,,,
lever,datalabusa,cdx:jobs.lever.co:d,2026-09-13T02:03:55.609863+00:00,new,,,,,
lever,dataplor,cdx:jobs.lever.co:d,2026-09-13T02:03:55.610016+00:00,new,,,,,
lever,dataroid,cdx:jobs.lever.co:d,2026-09-13T02:03:55.610217+00:00,new,,,,,
lever,dayblinkconsulting,cdx:jobs.lever.co:d,2026-09-13T02:03:55.610345+00:00,new,,,,,
lever,dealerware,cdx:jobs.lever.co:d,2026-09-13T02:03:55.610362+00:00,new,,,,,
lever,dealmaker,cdx:jobs.lever.co:d,2026-09-13T02:03:55.610378+00:00,new,,,,,
lever,decathlon,cdx:jobs.lever.co:d,2026-09-13T02:03:55.610541+00:00,new,,,,,
lever,decentraland,cdx:jobs.lever.co:d,2026-09-13T02:03:55.610722+00:00,new,,,,,
lever,decilegroup,cdx:jobs.lever.co:d,2026-09-13T02:03:55.611140+00:00,new,,,,,
lever,deep6,cdx:jobs.lever.co:d,2026-09-13T02:03:55.611770+00:00,new,,,,,
lever,deepgenomics,cdx:jobs.lever.co:d,2026-09-13T02:03:55.612370+00:00,new,,,,,
lever,deepjudge,cdx:jobs.lever.co:d,2026-09-13T02:03:55.612873+00:00,new,,,,,
lever,deepsky,cdx:jobs.lever.co:d,2026-09-13T02:03:55.613556+00:00,new,,,,,
lever,deft,cdx:jobs.lever.co:d,2026-09-13T02:03:55.614049+00:00,new,,,,,
lever,deleteme,cdx:jobs.lever.co:d,2026-09-13T02:03:55.614098+00:00,new,,,,,
lever,delfidiagnostics,cdx:jobs.lever.co:d,2026-09-13T02:03:55.614654+00:00,new,,,,,
lever,deliverect,cdx:jobs.lever.co:d,2026-09-13T02:03:55.615879+00:00,new,,,,,
lever,deloitte,cdx:jobs.lever.co:d,2026-09-13T02:03:55.617860+00:00,new,,,,,
lever,delphix,cdx:jobs.lever.co:d,2026-09-13T02:03:55.618262+00:00,new,,,,,
lever,delta-dental-of-kansas,cdx:jobs.lever.co:d,2026-09-13T02:03:55.618456+00:00,new,,,,,
lever,deltaairportconsultants,cdx:jobs.lever.co:d,2026-09-13T02:03:55.618471+00:00,new,,,,,
lever,deltasands,cdx:jobs.lever.co:d,2026-09-13T02:03:55.618568+00:00,new,,,,,
lever,delv,cdx:jobs.lever.co:d,2026-09-13T02:03:55.619692+00:00,new,,,,,
lever,demiurgestudios,cdx:jobs.lever.co:d,2026-09-13T02:03:55.619728+00:00,new,,,,,
lever,dempseyuniform-2,cdx:jobs.lever.co:d,2026-09-13T02:03:55.619858+00:00,new,,,,,
lever,deputy,cdx:jobs.lever.co:d,2026-09-13T02:03:55.620077+00:00,new,,,,,
lever,desafiolatam,cdx:jobs.lever.co:d,2026-09-13T02:03:55.622752+00:00,new,,,,,
lever,desbytech,cdx:jobs.lever.co:d,2026-09-13T02:03:55.622828+00:00,new,,,,,
lever,descarteslabs.com,cdx:jobs.lever.co:d,2026-09-13T02:03:55.622930+00:00,new,,,,,
lever,designetics,cdx:jobs.lever.co:d,2026-09-13T02:03:55.622941+00:00,new,,,,,
lever,despegar,cdx:jobs.lever.co:d,2026-09-13T02:03:55.622967+00:00,new,,,,,
lever,destinationknot,cdx:jobs.lever.co:d,2026-09-13T02:03:55.625913+00:00,new,,,,,
lever,deuna,cdx:jobs.lever.co:d,2026-09-13T02:03:55.626379+00:00,new,,,,,
lever,devcycle,cdx:jobs.lever.co:d,2026-09-13T02:03:55.626788+00:00,new,,,,,
lever,devsoftam,cdx:jobs.lever.co:d,2026-09-13T02:03:55.626812+00:00,new,,,,,
lever,dexcarehealth,cdx:jobs.lever.co:d,2026-09-13T02:03:55.626885+00:00,new,,,,,
lever,dexterity,cdx:jobs.lever.co:d,2026-09-13T02:03:55.626915+00:00,new,,,,,
lever,dga,cdx:jobs.lever.co:d,2026-09-13T02:03:55.629038+00:00,new,,,,,
lever,diag,cdx:jobs.lever.co:d,2026-09-13T02:03:55.629373+00:00,new,,,,,
lever,dialogdesign,cdx:jobs.lever.co:d,2026-09-13T02:03:55.629869+00:00,new,,,,,
lever,diamondfoundry,cdx:jobs.lever.co:d,2026-09-13T02:03:55.630167+00:00,new,,,,,
lever,didomi,cdx:jobs.lever.co:d,2026-09-13T02:03:55.631291+00:00,new,,,,,
lever,digimarc,cdx:jobs.lever.co:d,2026-09-13T02:03:55.631561+00:00,new,,,,,
lever,digital-matter,cdx:jobs.lever.co:d,2026-09-13T02:03:55.631609+00:00,new,,,,,
lever,digitalfish,cdx:jobs.lever.co:d,2026-09-13T02:03:55.631738+00:00,new,,,,,
lever,digitalmass,cdx:jobs.lever.co:d,2026-09-13T02:03:55.631828+00:00,new,,,,,
lever,digitalmediamanagement,cdx:jobs.lever.co:d,2026-09-13T02:03:55.631869+00:00,new,,,,,
lever,digitalremedy,cdx:jobs.lever.co:d,2026-09-13T02:03:55.632414+00:00,new,,,,,
lever,digitalturbine,cdx:jobs.lever.co:d,2026-09-13T02:03:55.632424+00:00,new,,,,,
lever,dijital-team-pty-ltd,cdx:jobs.lever.co:d,2026-09-13T02:03:55.632590+00:00,new,,,,,
lever,dioxycle,cdx:jobs.lever.co:d,2026-09-13T02:03:55.632887+00:00,new,,,,,
lever,disher,cdx:jobs.lever.co:d,2026-09-13T02:03:55.633249+00:00,new,,,,,
lever,disqo,cdx:jobs.lever.co:d,2026-09-13T02:03:55.633543+00:00,new,,,,,
lever,distro,cdx:jobs.lever.co:d,2026-09-13T02:03:55.633813+00:00,new,,,,,
lever,distru,cdx:jobs.lever.co:d,2026-09-13T02:03:55.634077+00:00,new,,,,,
lever,div,cdx:jobs.lever.co:d,2026-09-13T02:03:55.634135+00:00,new,,,,,
lever,diversified-automation,cdx:jobs.lever.co:d,2026-09-13T02:03:55.634143+00:00,new,,,,,
lever,diversifiedradiology,cdx:jobs.lever.co:d,2026-09-13T02:03:55.634249+00:00,new,,,,,
lever,djeholdings,cdx:jobs.lever.co:d,2026-09-13T02:03:55.634377+00:00,new,,,,,
lever,dlocal,cdx:jobs.lever.co:d,2026-09-13T02:03:55.636815+00:00,new,,,,,
lever,dmautoleasing,cdx:jobs.lever.co:d,2026-09-13T02:03:55.638661+00:00,new,,,,,
lever,dnagenotek,cdx:jobs.lever.co:d,2026-09-13T02:03:55.638712+00:00,new,,,,,
lever,dnb,cdx:jobs.lever.co:d,2026-09-13T02:03:55.638732+00:00,new,,,,,
lever,dnc,cdx:jobs.lever.co:d,2026-09-13T02:03:55.641875+00:00,new,,,,,
lever,dng,cdx:jobs.lever.co:d,2026-09-13T02:03:55.642544+00:00,new,,,,,
lever,dnllc,cdx:jobs.lever.co:d,2026-09-13T02:03:55.642575+00:00,new,,,,,
lever,dntanks,cdx:jobs.lever.co:d,2026-09-13T02:03:55.642641+00:00,new,,,,,
lever,dnwest,cdx:jobs.lever.co:d,2026-09-13T02:03:55.643078+00:00,new,,,,,
lever,docebo,cdx:jobs.lever.co:d,2026-09-13T02:03:55.643448+00:00,new,,,,,
lever,dockwa,cdx:jobs.lever.co:d,2026-09-13T02:03:55.643800+00:00,new,,,,,
lever,docsumo,cdx:jobs.lever.co:d,2026-09-13T02:03:55.643837+00:00,new,,,,,
lever,doctrine,cdx:jobs.lever.co:d,2026-09-13T02:03:55.644153+00:00,new,,,,,
lever,dodmg,cdx:jobs.lever.co:d,2026-09-13T02:03:55.644258+00:00,new,,,,,
lever,dollskill,cdx:jobs.lever.co:d,2026-09-13T02:03:55.649533+00:00,new,,,,,
lever,done,cdx:jobs.lever.co:d,2026-09-13T02:03:55.649916+00:00,new,,,,,
lever,doola,cdx:jobs.lever.co:d,2026-09-13T02:03:55.650113+00:00,new,,,,,
lever,doonails,cdx:jobs.lever.co:d,2026-09-13T02:03:55.650376+00:00,new,,,,,
lever,dorahacks,cdx:jobs.lever.co:d,2026-09-13T02:03:55.650404+00:00,new,,,,,
lever,doranjones,cdx:jobs.lever.co:d,2026-09-13T02:03:55.650500+00:00,new,,,,,
lever,doubledown,cdx:jobs.lever.co:d,2026-09-13T02:03:55.650661+00:00,new,,,,,
lever,downeastcider,cdx:jobs.lever.co:d,2026-09-13T02:03:55.650675+00:00,new,,,,,
lever,doxel,cdx:jobs.lever.co:d,2026-09-13T02:03:55.650715+00:00,new,,,,,
lever,dozee,cdx:jobs.lever.co:d,2026-09-13T02:03:55.650929+00:00,new,,,,,
lever,dreamgames,cdx:jobs.lever.co:d,2026-09-13T02:03:55.651099+00:00,new,,,,,
lever,dreamgolf,cdx:jobs.lever.co:d,2026-09-13T02:03:55.651596+00:00,new,,,,,
lever,dreamsports,cdx:jobs.lever.co:d,2026-09-13T02:03:55.652087+00:00,new,,,,,
lever,drivemode,cdx:jobs.lever.co:d,2026-09-13T02:03:55.652971+00:00,new,,,,,
lever,drivetrain,cdx:jobs.lever.co:d,2026-09-13T02:03:55.653384+00:00,new,,,,,
lever,dronedeploy,cdx:jobs.lever.co:d,2026-09-13T02:03:55.653641+00:00,new,,,,,
lever,dronesense,cdx:jobs.lever.co:d,2026-09-13T02:03:55.654031+00:00,new,,,,,
lever,dscout,cdx:jobs.lever.co:d,2026-09-13T02:03:55.654155+00:00,new,,,,,
lever,dsi,cdx:jobs.lever.co:d,2026-09-13T02:03:55.654264+00:00,new,,,,,
lever,dten,cdx:jobs.lever.co:d,2026-09-13T02:03:55.654384+00:00,new,,,,,
lever,duetti,cdx:jobs.lever.co:d,2026-09-13T02:03:55.654398+00:00,new,,,,,
lever,duffel,cdx:jobs.lever.co:d,2026-09-13T02:03:55.654547+00:00,new,,,,,
lever,dulcedo,cdx:jobs.lever.co:d,2026-09-13T02:03:55.654656+00:00,new,,,,,
lever,dutch,cdx:jobs.lever.co:d,2026-09-13T02:03:55.656929+00:00,new,,,,,
lever,dwavesys,cdx:jobs.lever.co:d,2026-09-13T02:03:55.657124+00:00,new,,,,,
lever,dwolla,cdx:jobs.lever.co:d,2026-09-13T02:03:55.657153+00:00,new,,,,,
lever,dydx-ops,cdx:jobs.lever.co:d,2026-09-13T02:03:55.657209+00:00,new,,,,,
lever,dynamiccatholic,cdx:jobs.lever.co:d,2026-09-13T02:03:55.657219+00:00,new,,,,,
lever,dynamoai,cdx:jobs.lever.co:d,2026-09-13T02:03:55.657298+00:00,new,,,,,
lever,dynavax,cdx:jobs.lever.co:d,2026-09-13T02:03:55.657967+00:00,new,,,,,
lever,dyte-io,cdx:jobs.lever.co:d,2026-09-13T02:03:55.658002+00:00,new,,,,,
lever,dzen,cdx:jobs.lever.co:d,2026-09-13T02:03:55.658015+00:00,new,,,,,
lever,,cdx:jobs.lever.co:d,2026-09-13T02:03:55.658024+00:00,shard_marker,,,,,
lever,ableserve,cdx:jobs.lever.co:a,2026-09-13T02:04:29.096599+00:00,new,,,,,
lever,ablspacesystems,cdx:jobs.lever.co:a,2026-09-13T02:04:29.098028+00:00,new,,,,,
lever,abovelending,cdx:jobs.lever.co:a,2026-09-13T02:04:29.098066+00:00,new,,,,,
lever,abt,cdx:jobs.lever.co:a,2026-09-13T02:04:29.098682+00:00,new,,,,,
lever,abtaba,cdx:jobs.lever.co:a,2026-09-13T02:04:29.098781+00:00,new,,,,,
lever,abusix,cdx:jobs.lever.co:a,2026-09-13T02:04:29.100029+00:00,new,,,,,
lever,academia,cdx:jobs.lever.co:a,2026-09-13T02:04:29.100084+00:00,new,,,,,
lever,academy,cdx:jobs.lever.co:a,2026-09-13T02:04:29.101008+00:00,new,,,,,
lever,acast,cdx:jobs.lever.co:a,2026-09-13T02:04:29.101216+00:00,new,,,,,
lever,acceldata,cdx:jobs.lever.co:a,2026-09-13T02:04:29.101269+00:00,new,,,,,
lever,accesssoftek,cdx:jobs.lever.co:a,2026-09-13T02:04:29.101730+00:00,new,,,,,
lever,accompanyhealth,cdx:jobs.lever.co:a,2026-09-13T02:04:29.102133+00:00,new,,,,,
lever,accurate,cdx:jobs.lever.co:a,2026-09-13T02:04:29.102466+00:00,new,,,,,
lever,acds,cdx:jobs.lever.co:a,2026-09-13T02:04:29.102942+00:00,new,,,,,
lever,achievers,cdx:jobs.lever.co:a,2026-09-13T02:04:29.103334+00:00,new,,,,,
lever,acl,cdx:jobs.lever.co:a,2026-09-13T02:04:29.104024+00:00,new,,,,,
lever,aclaimant,cdx:jobs.lever.co:a,2026-09-13T02:04:29.104108+00:00,new,,,,,
lever,acord,cdx:jobs.lever.co:a,2026-09-13T02:04:29.104132+00:00,new,,,,,
lever,acornfinance,cdx:jobs.lever.co:a,2026-09-13T02:04:29.104151+00:00,new,,,,,
lever,acpl,cdx:jobs.lever.co:a,2026-09-13T02:04:29.104165+00:00,new,,,,,
lever,acronaviation,cdx:jobs.lever.co:a,2026-09-13T02:04:29.104208+00:00,new,,,,,
lever,acselhealth,cdx:jobs.lever.co:a,2026-09-13T02:04:29.104435+00:00,new,,,,,
lever,act,cdx:jobs.lever.co:a,2026-09-13T02:04:29.104476+00:00,new,,,,,
lever,actian,cdx:jobs.lever.co:a,2026-09-13T02:04:29.104526+00:00,new,,,,,
lever,actionlife,cdx:jobs.lever.co:a,2026-09-13T02:04:29.105021+00:00,new,,,,,
lever,activecampaign,cdx:jobs.lever.co:a,2026-09-13T02:04:29.105833+00:00,new,,,,,
lever,activetheory,cdx:jobs.lever.co:a,2026-09-13T02:04:29.106347+00:00,new,,,,,
lever,actriv,cdx:jobs.lever.co:a,2026-09-13T02:04:29.106471+00:00,new,,,,,
lever,acumenllc,cdx:jobs.lever.co:a,2026-09-13T02:04:29.106483+00:00,new,,,,,
lever,adaptavist,cdx:jobs.lever.co:a,2026-09-13T02:04:29.106495+00:00,new,,,,,
lever,additionwealth,cdx:jobs.lever.co:a,2026-09-13T02:04:29.106874+00:00,new,,,,,
lever,addx,cdx:jobs.lever.co:a,2026-09-13T02:04:29.107129+00:00,new,,,,,
lever,adhoclabs,cdx:jobs.lever.co:a,2026-09-13T02:04:29.107282+00:00,new,,,,,
lever,adidevelopments,cdx:jobs.lever.co:a,2026-09-13T02:04:29.107411+00:00,new,,,,,
lever,adlook,cdx:jobs.lever.co:a,2026-09-13T02:04:29.107452+00:00,new,,,,,
lever,adora,cdx:jobs.lever.co:a,2026-09-13T02:04:29.107603+00:00,new,,,,,
lever,adtech,cdx:jobs.lever.co:a,2026-09-13T02:04:29.107665+00:00,new,,,,,
lever,advancedagrilytics,cdx:jobs.lever.co:a,2026-09-13T02:04:29.107739+00:00,new,,,,,
lever,advancednavigation,cdx:jobs.lever.co:a,2026-09-13T02:04:29.107987+00:00,new,,,,,
lever,adventus,cdx:jobs.lever.co:a,2026-09-13T02:04:29.108187+00:00,new,,,,,
lever,adverum,cdx:jobs.lever.co:a,2026-09-13T02:04:29.108498+00:00,new,,,,,
lever,advocate,cdx:jobs.lever.co:a,2026-09-13T02:04:29.108642+00:00,new,,,,,
lever,ae-2,cdx:jobs.lever.co:a,2026-09-13T02:04:29.108797+00:00,new,,,,,
lever,aechelon,cdx:jobs.lever.co:a,2026-09-13T02:04:29.109195+00:00,new,,,,,
lever,aeratechnology,cdx:jobs.lever.co:a,2026-09-13T02:04:29.109238+00:00,new,,,,,
lever,aerispartners.com,cdx:jobs.lever.co:a,2026-09-13T02:04:29.114900+00:00,new,,,,,
lever,aero,cdx:jobs.lever.co:a,2026-09-13T02:04:29.114955+00:00,new,,,,,
lever,aerostrat,cdx:jobs.lever.co:a,2026-09-13T02:04:29.115018+00:00,new,,,,,
lever,aethoshotels,cdx:jobs.lever.co:a,2026-09-13T02:04:29.115090+00:00,new,,,,,
lever,aeva,cdx:jobs.lever.co:a,2026-09-13T02:04:29.115380+00:00,new,,,,,
lever,afarmedia,cdx:jobs.lever.co:a,2026-09-13T02:04:29.115882+00:00,new,,,,,
lever,afero,cdx:jobs.lever.co:a,2026-09-13T02:04:29.116008+00:00,new,,,,,
lever,agatesoftware,cdx:jobs.lever.co:a,2026-09-13T02:04:29.116072+00:00,new,,,,,
lever,agathos,cdx:jobs.lever.co:a,2026-09-13T02:04:29.116140+00:00,new,,,,,
lever,agavegames,cdx:jobs.lever.co:a,2026-09-13T02:04:29.116150+00:00,new,,,,,
lever,agerpoint,cdx:jobs.lever.co:a,2026-09-13T02:04:29.116249+00:00,new,,,,,
lever,agicap,cdx:jobs.lever.co:a,2026-09-13T02:04:29.116521+00:00,new,,,,,
lever,agile-defense,cdx:jobs.lever.co:a,2026-09-13T02:04:29.117667+00:00,new,,,,,
lever,agilesearch,cdx:jobs.lever.co:a,2026-09-13T02:04:29.118314+00:00,new,,,,,
lever,agiloft,cdx:jobs.lever.co:a,2026-09-13T02:04:29.118337+00:00,new,,,,,
lever,agtonomy,cdx:jobs.lever.co:a,2026-09-13T02:04:29.118851+00:00,new,,,,,
lever,ahandabuldum,cdx:jobs.lever.co:a,2026-09-13T02:04:29.119762+00:00,new,,,,,
lever,ahschc,cdx:jobs.lever.co:a,2026-09-13T02:04:29.119855+00:00,new,,,,,
lever,aicamp,cdx:jobs.lever.co:a,2026-09-13T02:04:29.120076+00:00,new,,,,,
lever,aicrete,cdx:jobs.lever.co:a,2026-09-13T02:04:29.120085+00:00,new,,,,,
lever,aidash,cdx:jobs.lever.co:a,2026-09-13T02:04:29.120110+00:00,new,,,,,
lever,aifi,cdx:jobs.lever.co:a,2026-09-13T02:04:29.120464+00:00,new,,,,,
lever,aifund,cdx:jobs.lever.co:a,2026-09-13T02:04:29.120512+00:00,new,,,,,
lever,aigen,cdx:jobs.lever.co:a,2026-09-13T02:04:29.136160+00:00,new,,,,,
lever,aipconnect,cdx:jobs.lever.co:a,2026-09-13T02:04:29.136295+00:00,new,,,,,
lever,air-tek,cdx:jobs.lever.co:a,2026-09-13T02:04:29.136481+00:00,new,,,,,
lever,airalo,cdx:jobs.lever.co:a,2026-09-13T02:04:29.136654+00:00,new,,,,,
lever,aircall,cdx:jobs.lever.co:a,2026-09-13T02:04:29.138998+00:00,new,,,,,
lever,airdna,cdx:jobs.lever.co:a,2026-09-13T02:04:29.179255+00:00,new,,,,,
lever,airprotein,cdx:jobs.lever.co:a,2026-09-13T02:04:29.179384+00:00,new,,,,,
lever,airslate,cdx:jobs.lever.co:a,2026-09-13T02:04:29.179445+00:00,new,,,,,
lever,airtm,cdx:jobs.lever.co:a,2026-09-13T02:04:29.183668+00:00,new,,,,,
lever,aisafety,cdx:jobs.lever.co:a,2026-09-13T02:04:29.184124+00:00,new,,,,,
lever,aisle_and_abroad,cdx:jobs.lever.co:a,2026-09-13T02:04:29.184636+00:00,new,,,,,
lever,aiwyn,cdx:jobs.lever.co:a,2026-09-13T02:04:29.184694+00:00,new,,,,,
lever,aizon,cdx:jobs.lever.co:a,2026-09-13T02:04:29.184930+00:00,new,,,,,
lever,ajax,cdx:jobs.lever.co:a,2026-09-13T02:04:29.185056+00:00,new,,,,,
lever,ajccanada,cdx:jobs.lever.co:a,2026-09-13T02:04:29.186567+00:00,new,,,,,
lever,akabrands,cdx:jobs.lever.co:a,2026-09-13T02:04:29.186741+00:00,new,,,,,
lever,akashnetwork,cdx:jobs.lever.co:a,2026-09-13T02:04:29.187198+00:00,new,,,,,
lever,akicita-cyber,cdx:jobs.lever.co:a,2026-09-13T02:04:29.187390+00:00,new,,,,,
lever,albedo,cdx:jobs.lever.co:a,2026-09-13T02:04:29.187494+00:00,new,,,,,
lever,alcion,cdx:jobs.lever.co:a,2026-09-13T02:04:29.187824+00:00,new,,,,,
lever,aldar,cdx:jobs.lever.co:a,2026-09-13T02:04:29.187841+00:00,new,,,,,
lever,alector,cdx:jobs.lever.co:a,2026-09-13T02:04:29.188391+00:00,new,,,,,
lever,aledade,cdx:jobs.lever.co:a,2026-09-13T02:04:29.188448+00:00,new,,,,,
lever,aleph,cdx:jobs.lever.co:a,2026-09-13T02:04:29.192635+00:00,new,,,,,
lever,alertus,cdx:jobs.lever.co:a,2026-09-13T02:04:29.195668+00:00,new,,,,,
lever,algorex,cdx:jobs.lever.co:a,2026-09-13T02:04:29.196050+00:00,new,,,,,
lever,alice-bob,cdx:jobs.lever.co:a,2026-09-13T02:04:29.196101+00:00,new,,,,,
lever,alictus,cdx:jobs.lever.co:a,2026-09-13T02:04:29.197365+00:00,new,,,,,
lever,alifsemi,cdx:jobs.lever.co:a,2026-09-13T02:04:29.197384+00:00,new,,,,,
lever,alignable,cdx:jobs.lever.co:a,2026-09-13T02:04:29.197552+00:00,new,,,,,
lever,alignment.org,cdx:jobs.lever.co:a,2026-09-13T02:04:29.197649+00:00,new,,,,,
lever,alimentiv-2,cdx:jobs.lever.co:a,2026-09-13T02:04:29.197787+00:00,new,,,,,
lever,all.health,cdx:jobs.lever.co:a,2026-09-13T02:04:29.201920+00:00,new,,,,,
lever,allata,cdx:jobs.lever.co:a,2026-09-13T02:04:29.202006+00:00,new,,,,,
lever,allears-vet,cdx:jobs.lever.co:a,2026-09-13T02:04:29.202483+00:00,new,,,,,
lever,allegiantair,cdx:jobs.lever.co:a,2026-09-13T02:04:29.202576+00:00,new,,,,,
lever,alliance,cdx:jobs.lever.co:a,2026-09-13T02:04:29.204423+00:00,new,,,,,
lever,alliedbeverage,cdx:jobs.lever.co:a,2026-09-13T02:04:29.204462+00:00,new,,,,,
lever,alliedreit,cdx:jobs.lever.co:a,2026-09-13T02:04:29.204502+00:00,new,,,,,
lever,alloy,cdx:jobs.lever.co:a,2026-09-13T02:04:29.204545+00:00,new,,,,,
lever,allraise,cdx:jobs.lever.co:a,2026-09-13T02:04:29.204667+00:00,new,,,,,
lever,allstarservicesnow,cdx:jobs.lever.co:a,2026-09-13T02:04:29.204681+00:00,new,,,,,
lever,alltrails,cdx:jobs.lever.co:a,2026-09-13T02:04:29.204695+00:00,new,,,,,
lever,alluxio,cdx:jobs.lever.co:a,2026-09-13T02:04:29.204978+00:00,new,,,,,
lever,allworknow,cdx:jobs.lever.co:a,2026-09-13T02:04:29.205590+00:00,new,,,,,
lever,alpinestars,cdx:jobs.lever.co:a,2026-09-13T02:04:29.205670+00:00,new,,,,,
lever,altaml,cdx:jobs.lever.co:a,2026-09-13T02:04:29.205704+00:00,new,,,,,
lever,altarum,cdx:jobs.lever.co:a,2026-09-13T02:04:29.205866+00:00,new,,,,,
lever,altoida,cdx:jobs.lever.co:a,2026-09-13T02:04:29.206176+00:00,new,,,,,
lever,altrio,cdx:jobs.lever.co:a,2026-09-13T02:04:29.206208+00:00,new,,,,,
lever,aluna,cdx:jobs.lever.co:a,2026-09-13T02:04:29.206277+00:00,new,,,,,
lever,alveotechnologies,cdx:jobs.lever.co:a,2026-09-13T02:04:29.206286+00:00,new,,,,,
lever,amanotes,cdx:jobs.lever.co:a,2026-09-13T02:04:29.206355+00:00,new,,,,,
lever,amarbank,cdx:jobs.lever.co:a,2026-09-13T02:04:29.206505+00:00,new,,,,,
lever,amaze,cdx:jobs.lever.co:a,2026-09-13T02:04:29.206664+00:00,new,,,,,
lever,ambercycle,cdx:jobs.lever.co:a,2026-09-13T02:04:29.206795+00:00,new,,,,,
lever,amberelectric,cdx:jobs.lever.co:a,2026-09-13T02:04:29.206994+00:00,new,,,,,
lever,amberflo,cdx:jobs.lever.co:a,2026-09-13T02:04:29.207139+00:00,new,,,,,
lever,ambergroup,cdx:jobs.lever.co:a,2026-09-13T02:04:29.208680+00:00,new,,,,,
lever,ambirobotics,cdx:jobs.lever.co:a,2026-09-13T02:04:29.208715+00:00,new,,,,,
lever,ambrook,cdx:jobs.lever.co:a,2026-09-13T02:04:29.208924+00:00,new,,,,,
lever,americaatwork,cdx:jobs.lever.co:a,2026-09-13T02:04:29.209228+00:00,new,,,,,
lever,amiri,cdx:jobs.lever.co:a,2026-09-13T02:04:29.209253+00:00,new,,,,,
lever,amityfdn,cdx:jobs.lever.co:a,2026-09-13T02:04:29.209538+00:00,new,,,,,
lever,ampd-energy,cdx:jobs.lever.co:a,2026-09-13T02:04:29.210842+00:00,new,,,,,
lever,ampeco-global,cdx:jobs.lever.co:a,2026-09-13T02:04:29.211076+00:00,new,,,,,
lever,amsty,cdx:jobs.lever.co:a,2026-09-13T02:04:29.211188+00:00,new,,,,,
lever,amtengineering,cdx:jobs.lever.co:a,2026-09-13T02:04:29.211221+00:00,new,,,,,
lever,amyris,cdx:jobs.lever.co:a,2026-09-13T02:04:29.212188+00:00,new,,,,,
lever,ana-corp,cdx:jobs.lever.co:a,2026-09-13T02:04:29.212659+00:00,new,,,,,
lever,anagram,cdx:jobs.lever.co:a,2026-09-13T02:04:29.212796+00:00,new,,,,,
lever,anagramsecurity,cdx:jobs.lever.co:a,2026-09-13T02:04:29.213004+00:00,new,,,,,
lever,analog,cdx:jobs.lever.co:a,2026-09-13T02:04:29.213013+00:00,new,,,,,
lever,analogfolk,cdx:jobs.lever.co:a,2026-09-13T02:04:29.213032+00:00,new,,,,,
lever,analyticpartners,cdx:jobs.lever.co:a,2026-09-13T02:04:29.213099+00:00,new,,,,,
lever,anavationllc,cdx:jobs.lever.co:a,2026-09-13T02:04:29.213218+00:00,new,,,,,
lever,anchorage,cdx:jobs.lever.co:a,2026-09-13T02:04:29.215076+00:00,new,,,,,
lever,andersencorp,cdx:jobs.lever.co:a,2026-09-13T02:04:29.221859+00:00,new,,,,,
lever,andersgroup,cdx:jobs.lever.co:a,2026-09-13T02:04:29.224639+00:00,new,,,,,
lever,angel,cdx:jobs.lever.co:a,2026-09-13T02:04:29.224718+00:00,new,,,,,
lever,angelique-horizons,cdx:jobs.lever.co:a,2026-09-13T02:04:29.224921+00:00,new,,,,,
lever,angellist,cdx:jobs.lever.co:a,2026-09-13T02:04:29.224948+00:00,new,,,,,
lever,anglehealth,cdx:jobs.lever.co:a,2026-09-13T02:04:29.226264+00:00,new,,,,,
lever,animocabrands,cdx:jobs.lever.co:a,2026-09-13T02:04:29.226276+00:00,new,,,,,
lever,anjuna,cdx:jobs.lever.co:a,2026-09-13T02:04:29.227112+00:00,new,,,,,
lever,anlatan,cdx:jobs.lever.co:a,2026-09-13T02:04:29.227122+00:00,new,,,,,
lever,annalise,cdx:jobs.lever.co:a,2026-09-13T02:04:29.227387+00:00,new,,,,,
lever,anomali,cdx:jobs.lever.co:a,2026-09-13T02:04:29.227396+00:00,new,,,,,
lever,anotherco,cdx:jobs.lever.co:a,2026-09-13T02:04:29.227572+00:00,new,,,,,
lever,,cdx:jobs.lever.co:a,2026-09-13T02:04:29.227710+00:00,shard_marker,,,,,
